province;red;green;blue;x;x
1;168;33;67;radaspar;x
2;46;6;73;badencel;x
3;86;180;66;donanay;x
4;169;78;52;kanayka;x
5;130;84;99;banan;x
6;84;18;16;koshel;x
7;171;0;62;sardaz;x
8;169;129;67;konto;x
9;89;150;36;lananay;x
10;87;198;66;tiguraj;x
11;48;120;73;deufen;x
12;48;132;88;tusetri;x
13;172;171;52;kitulin;x
14;170;69;12;kiga;x
15;172;69;77;koryuk;x
16;85;3;46;kanosa;x
17;2;126;70;kuranay;x
18;45;9;83;lalir;x
19;132;6;54;tuozyuk;x
20;172;135;72;qonibai;x
21;129;135;49;tageefa;x
22;86;0;36;eloza;x
23;127;186;99;balund;x
24;128;207;64;wozana;x
25;172;114;7;seselo;x
26;85;162;66;wulomon;x
27;48;42;73;loriek;x
28;126;69;89;qiutnd;x
29;2;78;20;qarund;x
30;1;144;5;sanid;x
31;85;12;41;wida;x
32;3;171;55;wanahim;x
33;128;171;84;bilamid;x
34;1;165;60;tutinic;x
35;171;150;87;ewolecco;x
36;45;111;58;nidiam;x
37;5;123;25;kutiam;x
38;168;84;27;sokay;x
39;132;165;29;lacoste;x
40;48;78;8;qacoste;x
41;128;108;54;nidecco;x
42;130;87;9;kiday;x
43;128;192;39;rutine;x
44;84;0;26;konir;x
45;170;102;82;kamelo;x
46;87;162;31;tatusa;x
47;3;198;95;baresi;x
48;86;192;26;notold;x
49;171;93;97;keefa;x
50;45;156;88;qagibai;x
51;174;165;87;wanaruk;x
52;5;15;65;bimatas;x
53;3;162;60;wazeorn;x
54;90;111;36;qili;x
55;84;111;96;kireon;x
56;2;192;10;karold;x
57;1;135;10;kofala;x
58;45;87;83;lelonda;x
59;85;6;11;boraus;x
60;84;192;16;tibopir;x
61;6;69;0;kogacob;x
62;5;198;60;tisla;x
63;173;69;87;rebuela;x
64;130;192;4;riyaen;x
65;43;39;23;kohonda;x
66;3;108;35;qudaise;x
67;88;12;61;seliray;x
68;85;111;6;tudopir;x
69;45;72;3;nariray;x
70;3;123;60;sareth;x
71;0;72;25;alayley;x
72;169;177;62;ahebuela;x
73;89;51;71;wyosopir;x
74;2;12;80;karles;x
75;87;12;6;qicara;x
76;129;132;39;nagan;x
77;168;75;32;ebozalo;x
78;168;3;62;telamed;x
79;173;183;22;agzanab;x
80;127;96;84;diramed;x
81;128;90;9;tidoun;x
82;88;72;71;riralha;x
83;129;135;4;tirili;x
84;172;42;92;nionili;x
85;170;174;7;ravalha;x
86;2;108;25;kiremir;x
87;87;81;11;samahra;x
88;2;63;40;denili;x
89;127;174;39;kagirun;x
90;170;75;97;kateria;x
91;84;66;66;baharya;x
92;4;129;45;tiganta;x
93;88;69;6;kezi;x
94;129;12;64;nofina;x
95;44;210;13;kunah;x
96;42;144;8;natva;x
97;130;138;24;satay;x
98;3;153;65;saamva;x
99;171;114;52;racay;x
100;0;189;80;nigota;x
101;168;159;17;riyava;x
102;3;192;65;qemius;x
103;172;18;17;nienah;x
104;128;111;74;kenuran;x
105;170;210;42;wunah;x
106;86;207;6;keciala;x
107;169;57;42;renamma;x
108;126;63;164;ececahim;x
109;4;72;55;ramma;x
110;168;81;167;senira;x
111;85;105;21;riratnah;x
112;87;81;66;kavamma;x
113;4;63;5;dadazan;x
114;131;15;49;wobunes;x
115;129;69;64;liveph;x
116;130;15;39;tanunes;x
117;172;132;52;akalurak;x
118;85;153;71;saligin;x
119;132;174;24;sakadhi;x
120;44;42;98;kaleph;x
121;3;24;50;qobadhi;x
122;0;126;5;nanadu;x
123;174;150;7;tanadu;x
124;4;12;45;kivunes;x
125;168;189;22;evivadhi;x
126;174;174;82;nigeph;x
127;85;108;41;arobadu;x
128;170;108;67;akalalma;x
129;86;18;81;danurak;x
130;45;102;63;setanay;x
131;47;198;73;nagosye;x
132;45;24;8;weupega;x
133;46;24;18;ririsa;x
134;168;54;22;qagovya;x
135;5;42;5;tapoliyu;x
136;44;177;43;nalyuk;x
137;169;84;82;delusa;x
138;48;18;98;rakasil;x
139;174;15;62;rideva;x
140;4;159;50;wenda;x
141;44;135;23;tevi;x
142;171;27;2;sevi;x
143;173;171;62;qazopolk;x
144;127;117;94;saroo;x
145;169;24;27;siralo;x
146;88;60;11;koanier;x
147;47;195;8;sofeas;x
148;174;132;17;lofeas;x
149;127;36;74;tezaut;x
150;42;0;13;rezekat;x
151;132;168;94;nahila;x
152;1;99;20;rerelen;x
153;5;51;55;wirna;x
154;170;162;47;sesika;x
155;5;60;50;rirullah;x
156;89;27;96;ebahra;x
157;43;207;93;erullah;x
158;170;201;47;riremir;x
159;0;9;50;tenirin;x
160;5;54;20;dipeer;x
161;6;192;85;tipindik;x
162;126;75;74;kipirun;x
163;0;81;75;balofan;x
164;44;114;13;latona;x
165;84;21;81;satumo;x
166;174;72;7;asini;x
167;174;171;17;natena;x
168;127;69;99;tairni;x
169;128;87;44;nakolas;x
170;170;138;72;watacob;x
171;47;102;73;ramelo;x
172;43;141;98;watasa;x
173;86;45;21;asiriek;x
174;4;30;35;dulela;x
175;169;105;92;torusa;x
176;132;54;4;niraruk;x
177;173;117;82;asatasa;x
178;0;39;55;talinic;x
179;171;138;27;rirelo;x
180;45;195;43;ratasa;x
181;129;204;9;wozacob;x
182;84;183;21;rutaddeo;x
183;169;87;47;atinic;x
184;4;192;20;kulusha;x
185;170;12;22;nael;x
186;87;57;36;bida;x
187;131;21;79;narusha;x
188;168;39;97;lolimiy;x
189;45;162;18;wajko;x
190;89;48;6;wipesa;x
191;131;165;19;taepeth;x
192;129;162;44;nilida;x
193;168;117;97;samusha;x
194;42;18;58;qamusha;x
195;2;162;5;tukelun;x
196;4;123;70;tamusha;x
197;128;126;99;busha;x
198;170;207;77;asodigun;x
199;0;132;35;sarsa;x
200;86;183;86;wukegun;x
201;131;198;44;biiban;x
202;127;99;4;rodha;x
203;42;123;98;kanda;x
204;4;132;65;batakti;x
205;45;153;23;siata;x
206;173;78;82;eraymako;x
207;2;30;25;wuksin;x
208;130;129;29;ebageke;x
209;42;120;33;bibarna;x
210;0;183;50;tibena;x
211;48;36;43;kuxarna;x
212;1;108;70;ahibumar;x
213;87;177;56;bena;x
214;4;0;85;quxinha;x
215;88;24;76;bonulev;x
216;129;102;34;dibarna;x
217;1;123;95;qalicta;x
218;45;39;88;tarna;x
219;43;150;48;quxiza;x
220;3;147;35;rurarna;x
221;0;45;85;keirana;x
222;4;147;90;lextus;x
223;130;162;99;qiramur;x
224;44;135;78;bahemur;x
225;45;126;38;nateis;x
226;169;51;67;niririn;x
227;4;129;0;qallaj;x
228;173;189;52;lulia;x
229;90;153;56;kirella;x
230;170;90;22;warte;x
231;173;129;97;sudera;x
232;47;69;58;amarenzo;x
233;132;90;39;daray;x
234;174;21;92;ladibai;x
235;2;207;35;apiloste;x
236;173;159;2;dusaye;x
237;169;75;137;kigre;x
238;130;177;79;epuliek;x
239;45;99;43;rokulgu;x
240;90;63;41;waudela;x
241;42;24;88;kilzi;x
242;170;9;57;riibi;x
243;128;177;14;ruana;x
244;42;195;23;waymega;x
245;45;162;73;napute;x
246;168;87;92;qiliek;x
247;87;27;31;kigigin;x
248;45;36;68;dicura;x
249;43;177;33;kigasar;x
250;84;168;41;dacakr;x
251;42;135;13;somars;x
252;130;180;89;linudah;x
253;128;141;79;nuhakr;x
254;0;69;165;tinyas;x
255;171;120;37;qavaul;x
256;4;27;70;kadavan;x
257;131;171;49;walyag;x
258;45;72;58;qavavan;x
259;172;96;17;nalya;x
260;45;78;88;batyag;x
261;88;9;96;tidonti;x
262;88;15;81;losonti;x
263;128;96;94;nadarka;x
264;47;57;43;tisumo;x
265;90;27;6;kikonti;x
266;4;207;0;dauberan;x
267;47;129;68;welamed;x
268;85;18;71;ebezeng;x
269;129;189;29;teimiy;x
270;88;75;36;eselofan;x
271;90;96;11;togolod;x
272;88;3;66;emutine;x
273;46;156;98;danivvas;x
274;3;141;5;tacine;x
275;1;51;25;reolod;x
276;4;144;25;ravine;x
277;173;111;52;aeisa;x
278;172;111;97;tezild;x
279;46;153;33;ranivvas;x
280;129;51;19;keifon;x
281;169;153;42;bavofan;x
282;1;66;50;ruleria;x
283;172;156;27;weria;x
284;127;204;44;kael;x
285;131;96;14;wanara;x
286;5;57;30;amuruu;x
287;170;171;42;wamund;x
288;87;120;11;lurabi;x
289;3;75;10;wecetu;x
290;89;84;41;revatani;x
291;129;120;24;tedigun;x
292;43;24;43;reoretu;x
293;131;177;34;reduu;x
294;46;51;58;sevara;x
295;173;138;92;weligun;x
296;46;129;58;tivilda;x
297;4;96;30;relun;x
298;43;63;43;keorach;x
299;129;72;74;nibisha;x
300;171;210;97;nibinha;x
301;1;15;35;dailiza;x
302;42;210;48;kagada;x
303;126;96;29;rayirin;x
304;170;36;97;wilaman;x
305;43;6;53;toniar;x
306;127;186;204;rian;x
307;126;3;154;rarured;x
308;128;66;89;taradw;x
309;90;117;21;tetely;x
310;126;105;79;qalomon;x
311;128;123;34;tely;x
312;42;66;53;nandi;x
313;90;144;61;laudaka;x
314;168;210;77;nilara;x
315;43;24;98;edonilzi;x
316;126;33;54;ketiam;x
317;87;204;96;tuirid;x
318;1;129;130;qetenzo;x
319;168;21;157;taryg;x
320;87;48;41;kidory;x
321;127;27;79;tetoste;x
322;89;24;31;toraham;x
323;46;132;23;qalabib;x
324;129;207;74;torand;x
325;5;24;60;dalaqiq;x
326;90;171;46;dodiam;x
327;44;198;98;kakand;x
328;172;123;57;wir;x
329;129;33;74;keirdin;x
330;88;66;41;bert;x
331;5;117;95;welaqiq;x
332;173;162;67;awaynoke;x
333;173;162;12;rudett;x
334;6;165;45;quloul;x
335;86;12;51;tosugun;x
336;173;120;47;tulett;x
337;86;84;21;qya;x
338;42;63;88;kilan;x
339;0;129;70;tatun;x
340;1;87;60;wett;x
341;131;99;79;taspar;x
342;171;123;2;bigin;x
343;171;63;37;rofanta;x
344;48;105;48;katuida;x
345;89;90;26;nulencel;x
346;173;30;32;ralia;x
347;1;27;50;tyia;x
348;171;177;27;dadek;x
349;132;12;39;kuida;x
350;42;141;43;akajala;x
351;89;33;81;bencel;x
352;89;27;51;rudilan;x
353;131;159;89;kudoul;x
354;2;36;55;wulagnus;x
355;128;24;69;ragan;x
356;45;93;68;esencel;x
357;4;186;90;doroul;x
358;2;204;70;soth;x
359;1;198;30;epotolas;x
360;3;138;85;ekilin;x
361;44;207;48;wecina;x
362;2;102;95;raboun;x
363;43;27;63;terala;x
364;47;6;83;rigina;x
365;129;138;69;lerudit;x
366;131;87;19;rarya;x
367;171;189;42;rosin;x
368;86;30;96;kosujin;x
369;171;45;47;rigin;x
370;127;159;59;bofin;x
371;1;165;15;edanalma;x
372;1;63;135;kurivoj;x
373;85;81;46;kafort;x
374;1;180;40;dulona;x
375;84;105;171;qanund;x
376;47;87;48;takigin;x
377;4;102;60;danadir;x
378;1;201;50;rivigin;x
379;173;39;82;ruiryg;x
380;88;186;61;talia;x
381;126;186;44;tisutis;x
382;46;78;43;worars;x
383;5;90;0;taliata;x
384;132;183;19;nir;x
385;44;99;88;nierr;x
386;127;63;14;kigin;x
387;43;198;43;ranota;x
388;127;63;69;qelarles;x
389;48;144;48;tionen;x
390;84;210;61;ragorg;x
391;43;117;23;noseer;x
392;47;45;28;tilatko;x
393;170;141;37;epovan;x
394;127;66;34;bulew;x
395;44;27;18;qezigun;x
396;46;207;13;ajhughan;x
397;85;177;46;bukesha;x
398;0;156;10;tamuna;x
399;90;210;1;doabaki;x
400;129;87;54;bezuu;x
401;43;150;93;raminluo;x
402;128;39;49;teziyata;x
403;46;126;93;qahuzh;x
404;43;207;38;epokovat;x
405;126;123;69;tiralo;x
406;86;123;76;tinofia;x
407;131;162;54;witofia;x
408;87;69;51;tanabha;x
409;44;198;53;edirah;x
410;172;150;97;saralo;x
411;6;15;75;dazurva;x
412;85;198;56;agirili;x
413;42;165;18;boturva;x
414;86;177;1;naudurva;x
415;170;3;72;alivavo;x
416;85;63;56;qoanard;x
417;5;84;25;bivard;x
418;169;27;37;acoteth;x
419;5;117;40;averair;x
420;174;27;77;daranda;x
421;85;129;96;keretar;x
422;1;126;60;eglurd;x
423;171;54;97;sadalia;x
424;88;15;26;batrick;x
425;6;132;75;etrirna;x
426;46;54;68;rezelen;x
427;46;75;78;toanum;x
428;85;69;136;didaud;x
429;172;21;82;tisaut;x
430;128;150;19;lanu;x
431;2;90;35;tidani;x
432;43;135;68;losaut;x
433;6;60;5;laneseto;x
434;130;96;59;wosani;x
435;48;123;38;ripiga;x
436;131;6;99;tananiga;x
437;170;183;2;kosarta;x
438;87;78;46;kanani;x
439;3;93;55;lekora;x
440;84;204;76;kikataw;x
441;48;147;13;tezataw;x
442;171;81;82;wezupta;x
443;127;15;19;teudauq;x
444;3;204;80;kahuila;x
445;129;75;39;sutanu;x
446;2;48;15;qouz;x
447;131;141;99;kezaqra;x
448;44;189;3;ezmouz;x
449;44;204;28;salanu;x
450;86;6;21;enyayuq;x
451;46;48;38;licataw;x
452;170;45;92;tictaw;x
453;5;48;35;nanerni;x
454;130;144;54;tilelw;x
455;170;135;7;tevelw;x
456;89;132;91;kanerni;x
457;129;78;4;wolako;x
458;172;174;17;reratso;x
459;127;186;54;qeryai;x
460;128;141;24;kolani;x
461;85;141;11;luohega;x
462;1;117;65;duray;x
463;84;165;76;liluray;x
464;168;57;87;tecude;x
465;44;183;73;dolum;x
466;174;24;57;tanard;x
467;46;150;13;wora;x
468;126;90;99;ragako;x
469;86;189;61;keverni;x
470;169;156;7;kagaj;x
471;45;189;13;revite;x
472;171;186;77;deinite;x
473;46;96;88;tareefa;x
474;1;192;0;tafund;x
475;88;36;91;koumoger;x
476;173;60;37;rusetri;x
477;43;12;83;qaudeka;x
478;43;51;133;buedena;x
479;43;63;98;tunelo;x
480;171;51;77;tiam;x
481;0;54;35;tuert;x
482;0;3;20;qalert;x
483;86;165;41;talert;x
484;169;195;7;wuand;x
485;88;153;91;badl;x
486;45;9;28;qomir;x
487;126;171;19;redek;x
488;168;120;62;rundus;x
489;126;123;174;latedek;x
490;6;15;20;eshencel;x
491;47;12;13;esuida;x
492;131;42;34;batan;x
493;89;189;36;kaspar;x
494;171;156;72;ejosarya;x
495;1;54;90;bitudit;x
496;131;210;4;dofide;x
497;172;108;32;agrarya;x
498;48;156;63;tigin;x
499;3;186;35;ecatudit;x
500;169;126;2;suanala;x
501;90;60;76;ebabanta;x
502;127;135;39;kiganta;x
503;48;141;83;batalia;x
504;6;12;55;rofide;x
505;126;54;64;reikin;x
506;87;141;76;tatin;x
507;46;21;98;lerala;x
508;174;108;42;ratudit;x
509;46;147;48;kosarya;x
510;132;108;84;litina;x
511;130;108;19;kilina;x
512;45;159;8;qiganta;x
513;3;75;65;tabarya;x
514;89;42;76;nezi;x
515;170;48;57;qulila;x
516;129;129;74;kanasa;x
517;173;48;77;wabala;x
518;132;189;49;kafiek;x
519;86;75;26;emugort;x
520;172;12;32;lunah;x
521;89;12;71;nanort;x
522;87;168;61;lecows;x
523;86;63;66;amatunah;x
524;126;114;74;tenows;x
525;0;0;55;tenamma;x
526;174;18;27;bemunah;x
527;46;162;28;amarunah;x
528;132;207;94;niela;x
529;169;111;227;sakufer;x
530;127;87;89;taneph;x
531;132;30;29;qedife;x
532;46;69;48;ronkan;x
533;4;18;75;sisa;x
534;131;174;69;negalma;x
535;3;87;25;enega;x
536;127;192;29;tagalma;x
537;88;180;31;deslav;x
538;42;177;78;tutedrik;x
539;129;78;59;raninus;x
540;43;201;8;berena;x
541;128;120;14;apratini;x
542;1;69;15;natofan;x
543;5;66;80;natini;x
544;168;138;7;refan;x
545;86;159;11;winurga;x
546;2;153;10;runinic;x
547;5;210;75;nivach;x
548;127;0;39;edurga;x
549;1;33;80;quneke;x
550;86;111;61;tinilda;x
551;48;24;28;tirona;x
552;6;18;40;lainurga;x
553;171;183;57;nige;x
554;171;159;37;kereka;x
555;172;198;92;tutyg;x
556;0;198;75;rilecco;x
557;126;21;144;bolecco;x
558;168;96;42;betigrid;x
559;127;60;49;racenzo;x
560;129;9;54;eayajin;x
561;3;15;55;tayavin;x
562;86;54;16;nodila;x
563;128;54;74;ruqila;x
564;45;69;93;kesoke;x
565;88;168;16;qofeyu;x
566;44;72;48;lutirin;x
567;47;183;93;warsa;x
568;6;81;15;qolasi;x
569;42;27;158;kekpa;x
570;86;153;26;qaraca;x
571;88;147;61;nayana;x
572;172;30;77;wuqungas;x
573;128;27;89;kodila;x
574;130;177;24;nungas;x
575;127;162;79;todute;x
576;127;66;79;riibona;x
577;128;36;84;ezanur;x
578;47;126;48;ranur;x
579;172;177;37;qesoru;x
580;5;135;85;sulerek;x
581;0;156;215;kagha;x
582;128;174;49;lidilda;x
583;43;120;88;kekavid;x
584;2;177;85;liria;x
585;42;54;93;ajaleth;x
586;169;60;62;syaleth;x
587;84;108;31;tigai;x
588;89;168;26;barda;x
589;0;96;0;abaman;x
590;173;156;82;taman;x
591;4;111;55;tone;x
592;46;120;8;kukp;x
593;172;138;37;beorge;x
594;43;111;143;qudilda;x
595;47;72;23;kigina;x
596;44;186;38;ertouses;x
597;2;180;50;nudom;x
598;173;24;2;aharen;x
599;47;48;48;kataqra;x
600;47;84;83;leudupta;x
601;171;69;22;qikuqa;x
602;43;90;38;tyaytaw;x
603;168;24;17;dapuqa;x
604;89;147;71;qicavya;x
605;45;147;93;sapevi;x
606;46;15;68;qoniulf;x
607;2;93;0;bonallo;x
608;45;51;48;terance;x
609;0;150;80;relallo;x
610;131;57;14;edisel;x
611;90;114;1;nauleova;x
612;171;96;62;qeleca;x
613;172;72;97;tueova;x
614;3;159;95;etaminde;x
615;0;24;30;ramingus;x
616;5;18;85;reupunes;x
617;174;123;22;enuhumo;x
618;86;189;16;dicigin;x
619;171;141;92;lulavi;x
620;132;45;9;rasakr;x
621;88;132;81;kinoses;x
622;132;144;19;ruhila;x
623;86;33;61;qinanna;x
624;84;129;41;qinumo;x
625;6;87;45;quloses;x
626;132;120;44;sulumo;x
627;128;21;59;dulabah;x
628;88;72;26;adavaul;x
629;44;90;93;latarka;x
630;89;63;31;qosarka;x
631;173;177;92;lisarka;x
632;85;21;91;wutasb;x
633;170;63;82;katarka;x
634;171;30;67;risarka;x
635;6;54;75;agwust;x
636;3;57;20;kesian;x
637;45;108;93;teutian;x
638;131;105;64;darey;x
639;47;33;68;rinonia;x
640;44;201;63;tyoia;x
641;90;204;16;tarust;x
642;48;72;78;kyian;x
643;127;63;219;keutey;x
644;4;81;50;nerarwa;x
645;1;189;35;berawar;x
646;84;132;6;qaisayra;x
647;84;42;91;enita;x
648;172;135;17;tari;x
649;170;105;47;tesh;x
650;43;153;13;tiveth;x
651;86;81;56;dulund;x
652;87;87;96;weufesa;x
653;130;75;49;binatani;x
654;87;201;31;nuunabi;x
655;44;102;53;burama;x
656;2;147;80;tumara;x
657;45;192;23;rivivoj;x
658;43;3;33;ralence;x
659;47;21;8;bagaye;x
660;131;12;29;ariibetu;x
661;44;18;23;katoito;x
662;2;135;65;tolerni;x
663;1;135;55;baman;x
664;169;84;37;enolir;x
665;130;201;99;ahinalp;x
666;6;156;50;enudra;x
667;168;42;62;ranew;x
668;84;15;51;qiik;x
669;0;159;75;kearew;x
670;88;129;71;tahenia;x
671;173;0;27;kakamur;x
672;172;144;12;bahelia;x
673;89;96;1;direph;x
674;169;174;52;larei;x
675;46;186;3;lencel;x
676;128;3;14;eperin;x
677;126;144;79;nobife;x
678;86;3;56;lerasil;x
679;43;105;63;rulacob;x
680;127;57;84;dalayra;x
681;90;129;81;ralett;x
682;43;3;88;rerin;x
683;86;63;11;tesey;x
684;168;135;42;daladu;x
685;127;9;89;qisa;x
686;3;111;45;aclurak;x
687;86;33;6;sozone;x
688;47;6;28;teikina;x
689;130;24;34;netone;x
690;6;168;65;wozinic;x
691;127;3;59;rinarka;x
692;88;0;1;etigond;x
693;84;153;16;ejiramur;x
694;126;126;34;esarida;x
695;171;57;62;neodor;x
696;85;33;51;takarte;x
697;131;12;84;webaise;x
698;89;60;66;kelopir;x
699;43;93;48;ripesh;x
700;127;171;74;qenda;x
701;86;27;76;rucienne;x
702;1;72;35;tacius;x
703;86;87;86;tozusa;x
704;87;117;1;desona;x
705;42;57;163;anadir;x
706;0;90;70;aliata;x
707;126;39;84;bina;x
708;5;81;5;tatinic;x
709;170;120;27;kyaoi;x
710;47;0;98;qanacon;x
711;2;0;65;nuinair;x
712;127;114;29;qolofan;x
713;85;171;61;keinesh;x
714;6;126;45;keuble;x
715;45;48;83;tazad;x
716;90;159;86;dalarna;x
717;127;81;59;nagodha;x
718;86;39;36;kobarna;x
719;168;108;207;lahesin;x
720;45;165;38;kusha;x
721;128;51;64;seirdor;x
722;132;132;59;qodha;x
723;87;126;96;dodara;x
724;86;42;1;elidad;x
725;85;117;36;nakite;x
726;5;165;90;nevewe;x
727;88;63;76;lammad;x
728;47;63;73;kacoot;x
729;173;165;32;woylewe;x
730;173;132;62;teiney;x
731;131;168;84;qalund;x
732;48;162;93;korey;x
733;171;180;92;baut;x
734;126;3;49;roorick;x
735;46;210;23;woraul;x
736;85;186;41;qergan;x
737;4;162;15;roside;x
738;0;165;5;echana;x
739;90;192;56;sabman;x
740;129;6;34;wuohara;x
741;43;108;28;tumoito;x
742;170;45;37;kaing;x
743;88;45;86;emusier;x
744;42;162;53;bavili;x
745;131;201;9;tuirena;x
746;129;108;64;ramenr;x
747;44;195;33;nulilan;x
748;44;126;28;sagjin;x
749;126;183;184;ritsa;x
750;48;54;33;wanaye;x
751;131;42;89;wagjin;x
752;90;165;16;toul;x
753;46;210;78;bilajko;x
754;1;30;15;esanda;x
755;47;93;78;asudor;x
756;170;189;87;berenr;x
757;5;180;15;lirodia;x
758;132;132;4;ablela;x
759;168;60;52;enuvven;x
760;43;60;78;lalomon;x
761;84;6;56;qelalma;x
762;88;198;21;nofarya;x
763;132;198;99;rahin;x
764;171;15;42;buksin;x
765;42;174;13;kipirin;x
766;46;18;88;kurena;x
767;44;204;83;baracob;x
768;1;132;90;tatusha;x
769;128;42;14;qemace;x
770;43;189;48;karisla;x
771;86;114;26;retaj;x
772;0;78;55;niehr;x
773;128;21;4;daepair;x
774;168;15;22;ranusick;x
775;127;69;44;tarampa;x
776;2;57;10;solelo;x
777;89;159;31;kihely;x
778;47;117;53;relisa;x
779;86;138;1;sarugun;x
780;173;9;22;kaynay;x
781;171;21;72;rudoul;x
782;126;45;69;rajin;x
783;44;3;43;tundus;x
784;131;45;54;ketoste;x
785;169;147;57;werin;x
786;43;90;83;taydum;x
787;129;36;94;keiludra;x
788;131;204;74;deke;x
789;132;186;84;tatike;x
790;172;51;32;wiramed;x
791;3;54;0;waubert;x
792;4;9;25;baladir;x
793;46;57;33;dulagnus;x
794;170;108;12;kaloul;x
795;45;33;58;damaruk;x
796;43;117;78;karows;x
797;87;51;6;biviam;x
798;90;9;61;luirine;x
799;0;177;20;sort;x
800;6;63;70;butaddeo;x
801;128;204;54;relert;x
802;5;204;90;anuran;x
803;168;111;67;lorosa;x
804;130;123;44;kaye;x
805;42;90;28;kagosa;x
806;90;123;51;selusa;x
807;84;15;156;sazini;x
808;4;159;5;wyosusa;x
809;174;159;57;aguniek;x
810;169;93;32;esirasa;x
811;1;138;75;toraruk;x
812;2;99;30;lalaruk;x
813;126;162;69;agunone;x
814;47;120;18;kalusa;x
815;3;30;80;waurund;x
816;5;201;25;aferesi;x
817;173;66;67;nutund;x
818;3;150;0;binida;x
819;173;27;67;dolid;x
820;3;111;0;wutoste;x
821;170;57;52;tarid;x
822;87;174;46;tolecco;x
823;4;3;95;nuirine;x
824;87;105;86;wutory;x
825;88;135;46;setoste;x
826;84;114;61;buiryg;x
827;5;150;65;salinic;x
828;43;195;78;kidoste;x
829;6;66;35;kokecco;x
830;45;144;28;etranay;x
831;132;111;49;qalelo;x
832;174;201;22;qutiam;x
833;84;63;1;komecco;x
834;84;198;46;kanavai;x
835;46;36;78;kiropo;x
836;5;183;35;ejonza;x
837;0;192;45;kabaach;x
838;46;120;63;amoronza;x
839;173;192;72;sarira;x
840;127;33;9;darair;x
841;126;141;14;suehama;x
842;88;171;36;epumay;x
843;173;195;37;danaon;x
844;84;132;211;womera;x
845;130;111;84;tuhojan;x
846;88;114;91;kafund;x
847;46;177;8;wadyag;x
848;172;201;57;disanab;x
849;168;51;162;amurabi;x
850;170;144;2;qena;x
851;127;78;94;senia;x
852;127;129;9;tafiy;x
853;130;81;79;tedahou;x
854;128;189;74;abagara;x
855;90;51;26;qodia;x
856;89;93;36;dila;x
857;127;24;14;nodusha;x
858;44;12;93;qatani;x
859;171;66;2;araisri;x
860;4;189;55;qatodia;x
861;126;72;54;nagiza;x
862;131;45;99;naipiza;x
863;5;81;60;teslaw;x
864;130;0;14;qemapala;x
865;85;96;26;lisenr;x
866;87;192;36;nesa;x
867;126;87;34;buxilla;x
868;88;138;66;emahevia;x
869;45;135;33;reatdum;x
870;3;195;30;kaarna;x
871;129;3;69;rilin;x
872;89;96;56;reudauq;x
873;169;177;17;kuinuin;x
874;129;156;59;wideefa;x
875;2;186;25;duramon;x
876;47;153;88;egeruna;x
877;85;51;96;lanonti;x
878;128;111;19;rigemon;x
879;5;0;40;kariray;x
880;47;36;33;asanusha;x
881;174;63;12;qokong;x
882;84;3;91;koivlis;x
883;46;72;13;torabak;x
884;47;201;38;nacacob;x
885;168;204;47;edababak;x
886;173;168;97;ralini;x
887;46;12;3;davyuk;x
888;1;9;60;qaymana;x
889;47;12;58;sakaj;x
890;4;3;50;tanaway;x
891;88;144;96;waipena;x
892;48;21;63;wuxicta;x
893;130;186;19;talyid;x
894;1;39;65;kallara;x
895;86;135;36;eludaise;x
896;129;99;69;alona;x
897;127;51;54;talp;x
898;127;126;44;torett;x
899;2;153;55;tigond;x
900;48;192;98;kiruhim;x
901;89;201;96;tesena;x
902;46;111;13;quluida;x
903;128;60;4;lovisil;x
904;127;183;89;binalp;x
905;6;39;95;rerallo;x
906;4;63;60;kong;x
907;171;0;17;sevabak;x
908;2;201;5;tinarka;x
909;48;126;58;sofan;x
910;1;168;25;eronaye;x
911;44;195;88;ezhaka;x
912;4;6;15;salouz;x
913;6;27;35;kuyataw;x
914;4;141;60;selance;x
915;169;66;92;batatas;x
916;86;195;46;soxeka;x
917;4;90;45;rojan;x
918;85;48;31;quleth;x
919;130;51;74;efatanab;x
920;2;210;0;taisari;x
921;47;42;18;diralo;x
922;129;123;89;naimund;x
923;0;99;65;ruriraj;x
924;126;18;29;rovinn;x
925;170;195;62;dadelair;x
926;86;210;71;anezana;x
927;84;54;51;ravora;x
928;6;36;30;katen;x
929;129;36;39;amarakat;x
930;87;54;71;temekpa;x
931;129;165;54;tila;x
932;1;156;65;labman;x
933;45;186;93;tolusa;x
934;85;75;71;bagisa;x
935;88;111;26;qeladl;x
936;2;183;15;ekuanina;x
937;2;165;70;tarora;x
938;89;18;1;qaharya;x
939;171;24;92;tomavi;x
940;87;174;91;kantia;x
941;1;81;30;bala;x
942;44;81;43;daqiq;x
943;2;84;50;nimalma;x
944;129;129;19;qanamma;x
945;44;78;33;dadance;x
946;171;204;67;keatag;x
947;44;153;68;dabak;x
948;131;111;94;beatata;x
949;89;0;11;weocaach;x
950;127;27;129;seleova;x
951;128;15;74;leressa;x
952;46;111;68;tyasonso;x
953;126;174;84;ruehta;x
954;172;54;52;rarius;x
955;0;66;95;kenian;x
956;87;15;71;nyasavai;x
957;2;42;85;becacob;x
958;44;144;73;dacacob;x
959;168;105;37;enavin;x
960;128;54;29;etrakkal;x
961;42;84;98;legong;x
962;45;30;93;tabonza;x
963;46;177;53;kezhay;x
964;5;156;95;agesusha;x
965;169;54;32;kisira;x
966;170;0;7;romacob;x
967;131;84;54;rege;x
968;89;54;91;kacemon;x
969;5;168;55;apiik;x
970;129;69;9;ragina;x
971;0;147;15;ariibona;x
972;130;9;9;talurak;x
973;169;102;27;talini;x
974;2;63;95;bomory;x
975;89;3;21;wibonda;x
976;130;48;9;tipila;x
977;84;45;56;sere;x
978;86;159;56;dapukar;x
979;5;9;35;bakine;x
980;128;117;49;bahovat;x
981;48;15;33;tanauban;x
982;170;165;12;qunaruk;x
983;45;60;43;tuay;x
984;129;54;84;riraj;x
985;173;42;47;saropir;x
986;89;138;21;qavaltum;x
987;3;51;90;nivoj;x
988;170;162;92;adoressa;x
989;130;195;69;weirta;x
990;47;105;93;laboan;x
991;130;153;49;lagafa;x
992;84;69;31;wuqurgur;x
993;86;15;16;besata;x
994;48;180;83;kavara;x
995;128;162;34;kapollis;x
996;84;201;11;kerenda;x
997;44;15;58;ravaise;x
998;48;153;43;ryosiala;x
999;168;9;92;awigahar;x
1000;131;48;64;toranna;x
1001;132;162;64;enripoan;x
1002;5;18;30;etahag;x
1003;3;120;95;wutecco;x
1004;129;48;54;tatala;x
1005;130;36;49;edanond;x
1006;84;78;26;barria;x
1007;43;156;78;wuriraj;x
1008;130;207;29;domarka;x
1009;85;72;51;wolory;x
1010;128;168;64;rilew;x
1011;5;207;55;teatana;x
1012;3;6;5;ecarcus;x
1013;169;180;82;ratona;x
1014;45;6;18;edanelo;x
1015;126;6;14;kanusa;x
1016;43;210;208;nelun;x
1017;126;9;79;retecco;x
1018;1;132;45;nediek;x
1019;44;192;68;dolone;x
1020;46;102;18;anyanan;x
1021;43;192;13;ranusa;x
1022;42;210;153;raresi;x
1023;131;156;24;atahina;x
1024;4;6;60;rajudit;x
1025;131;102;99;rort;x
1026;90;15;91;eglumo;x
1027;168;150;67;asomenzo;x
1028;45;57;78;ruranis;x
1029;128;84;79;edaboan;x
1030;131;165;74;sathe;x
1031;170;39;7;deslaw;x
1032;5;180;70;ledorg;x
1033;171;105;57;todetu;x
1034;2;75;55;dagodha;x
1035;85;144;76;kyoludev;x
1036;90;126;16;dubaj;x
1037;47;9;48;lyahutis;x
1038;46;54;23;akulila;x
1039;45;54;13;lyut;x
1040;130;156;69;ruaqiq;x
1041;172;174;72;lilujin;x
1042;174;105;77;nenian;x
1043;89;162;96;dobalma;x
1044;45;3;98;tunona;x
1045;84;195;81;kyao;x
1046;46;108;48;egega;x
1047;173;30;87;tatasil;x
1048;90;198;86;salerni;x
1049;47;15;78;wanir;x
1050;44;171;13;dabide;x
1051;131;21;24;terzad;x
1052;170;198;82;qarine;x
1053;132;39;24;seladl;x
1054;87;51;61;nanili;x
1055;169;18;42;dibel;x
1056;46;174;43;romand;x
1057;2;15;45;wefan;x
1058;5;177;5;wakadhi;x
1059;85;39;81;nanazan;x
1060;3;144;15;rigigin;x
1061;4;9;80;adobufer;x
1062;85;84;11;detusa;x
1063;127;126;89;dodand;x
1064;89;171;91;riney;x
1065;87;183;41;tedadhi;x
1066;129;27;44;edanabi;x
1067;86;96;81;rirella;x
1068;130;69;19;wedoth;x
1069;86;153;81;atahala;x
1070;90;156;21;tunah;x
1071;170;204;12;beusong;x
1072;131;135;14;boleph;x
1073;87;24;66;santa;x
1074;88;30;6;seirri;x
1075;168;201;82;dalalvi;x
1076;172;39;72;kucaltum;x
1077;90;72;36;kemarnas;x
1078;171;84;47;azadaway;x
1079;3;195;85;wipila;x
1080;88;54;81;tiibara;x
1081;87;171;81;totosa;x
1082;86;42;56;tenia;x
1083;169;30;57;dudopir;x
1084;0;27;95;kanusha;x
1085;44;21;88;astuksin;x
1086;44;174;78;qecala;x
1087;130;171;94;ezumay;x
1088;126;36;19;ruqarsa;x
1089;47;81;18;etroan;x
1090;168;192;87;reirafa;x
1091;88;102;31;tuqiar;x
1092;131;171;4;dilumo;x
1093;128;138;59;quallo;x
1094;44;54;58;ralavin;x
1095;3;27;15;wufodar;x
1096;169;141;27;etahirin;x
1097;173;57;72;ratiek;x
1098;172;180;2;daliaco;x
1099;84;105;66;bedek;x
1100;174;57;27;kyet;x
1101;173;159;47;atecco;x
1102;4;69;35;rarahra;x
1103;87;186;6;kavili;x
1104;85;24;56;nuceyr;x
1105;88;162;86;kuna;x
1106;171;39;17;relanab;x
1107;132;81;44;kemila;x
1108;88;81;21;lediray;x
1109;46;84;73;qozamed;x
1110;131;60;79;qosenr;x
1111;132;36;59;nucamed;x
1112;85;102;56;rike;x
1113;6;108;0;waneyr;x
1114;46;87;93;qocesh;x
1115;128;177;59;ratota;x
1116;6;0;95;rarcus;x
1117;43;0;23;tinust;x
1118;90;33;36;raliam;x
1119;42;33;83;kia;x
1120;170;6;92;kivazan;x
1121;84;144;66;tasumo;x
1122;5;93;20;savid;x
1123;5;207;10;sazasil;x
1124;173;6;12;wozaruk;x
1125;84;75;166;bagakti;x
1126;5;3;5;qoguela;x
1127;130;78;14;danunes;x
1128;169;111;22;wicura;x
1129;89;39;11;durarna;x
1130;6;99;5;wosa;x
1131;43;15;48;qameyr;x
1132;169;96;97;enahou;x
1133;47;39;98;rorom;x
1134;5;189;65;qicudra;x
1135;127;180;69;digen;x
1136;1;129;25;keudathe;x
1137;5;33;10;kilen;x
1138;126;21;94;lyayva;x
1139;2;120;85;nakalma;x
1140;4;75;20;rulinic;x
1141;88;108;6;leilius;x
1142;42;57;58;kironso;x
1143;128;102;24;edabine;x
1144;3;42;40;ezerudra;x
1145;168;72;67;korusha;x
1146;126;180;14;wuruzh;x
1147;47;210;33;banurva;x
1148;171;156;17;edanili;x
1149;45;105;28;ranerni;x
1150;172;105;67;letora;x
1151;126;84;69;qibena;x
1152;85;204;31;kesevi;x
1153;90;42;31;aravau;x
1154;129;90;19;datt;x
1155;2;81;85;aicoth;x
1156;88;105;41;tarakat;x
1157;48;90;68;nukean;x
1158;172;78;27;nueri;x
1159;45;69;38;tachecla;x
1160;87;153;36;qausara;x
1161;87;150;16;leatako;x
1162;4;66;70;kudisey;x
1163;128;99;59;larold;x
1164;85;135;81;kyosuela;x
1165;6;96;40;dungas;x
1166;45;15;13;kilanab;x
1167;43;123;53;tadavan;x
1168;86;30;41;amikarka;x
1169;90;120;86;kutemar;x
1170;4;153;20;davamed;x
1171;169;141;82;wirathim;x
1172;130;198;34;watsil;x
1173;44;96;23;kurenr;x
1174;130;174;59;ravili;x
1175;0;195;10;qapolica;x
1176;172;45;57;touum;x
1177;89;192;1;ethatu;x
1178;169;15;77;qaley;x
1179;43;87;73;watt;x
1180;127;141;69;toito;x
1181;172;0;72;detu;x
1182;45;12;48;sodha;x
1183;3;165;25;qanila;x
1184;6;153;85;relopir;x
1185;172;192;62;rebaise;x
1186;89;147;16;tilarah;x
1187;87;90;61;emoradl;x
1188;132;66;64;egerika;x
1189;0;153;45;like;x
1190;87;114;36;tobaj;x
1191;45;0;33;rosindik;x
1192;4;102;5;butanu;x
1193;170;132;42;amorine;x
1194;171;150;42;karetar;x
1195;126;42;49;kelisla;x
1196;130;159;34;amurara;x
1197;128;45;79;raymaj;x
1198;6;150;20;qalonse;x
1199;5;99;50;tanutis;x
1200;3;15;0;karirin;x
1201;42;105;8;sanenr;x
1202;132;75;14;robumar;x
1203;86;93;71;warold;x
1204;44;57;23;apili;x
1205;4;87;80;ajamoth;x
1206;172;57;17;ethan;x
1207;2;30;70;tulusha;x
1208;126;150;214;ribicta;x
1209;171;87;12;adang;x
1210;88;84;86;seatund;x
1211;129;105;44;tomoth;x
1212;48;51;68;wacild;x
1213;47;189;78;ekamofan;x
1214;48;84;38;rilata;x
1215;46;3;8;nusaman;x
1216;46;42;8;keraoci;x
1217;85;15;61;dacina;x
1218;169;45;132;qalia;x
1219;90;150;91;keupofan;x
1220;173;150;52;radihy;x
1221;0;6;85;kaepovan;x
1222;84;162;11;sarekat;x
1223;84;48;21;nipadfar;x
1224;170;33;77;katafiy;x
1225;169;135;97;kanako;x
1226;169;51;12;rolelw;x
1227;2;3;30;sonulev;x
1228;88;132;36;qikarka;x
1229;171;117;17;bevard;x
1230;126;102;59;keubewe;x
1231;4;72;0;evakenia;x
1232;130;84;44;tyahace;x
1233;132;93;4;waropir;x
1234;126;207;54;tasi;x
1235;132;123;9;razasil;x
1236;84;45;161;wogine;x
1237;90;81;31;togimiy;x
1238;129;210;39;nata;x
1239;126;177;49;rahedia;x
1240;87;159;66;natekpa;x
1241;84;12;86;nanila;x
1242;89;141;86;band;x
1243;6;135;40;datilan;x
1244;127;21;49;bofina;x
1245;44;75;68;wajanta;x
1246;127;195;49;ralanay;x
1247;172;165;22;neatura;x
1248;6;168;10;lanuu;x
1249;131;36;4;rebonda;x
1250;88;42;66;wuloru;x
1251;171;207;87;laronis;x
1252;47;135;43;tyot;x
1253;1;21;20;kajin;x
1254;85;156;36;rakite;x
1255;174;48;32;ranavin;x
1256;90;174;11;disu;x
1257;170;54;87;akicasan;x
1258;47;144;93;keubeas;x
1259;171;54;42;kisum;x
1260;87;60;56;rekouz;x
1261;87;39;46;sererni;x
1262;171;126;67;lahiamon;x
1263;130;105;54;aperumo;x
1264;86;102;66;rofujin;x
1265;169;171;32;asigina;x
1266;47;147;58;avarsa;x
1267;130;93;39;qugajko;x
1268;43;111;93;landa;x
1269;4;120;50;ekajin;x
1270;85;45;11;epiata;x
1271;132;105;19;sayni;x
1272;48;39;8;sosudit;x
1273;85;126;31;sabina;x
1274;3;36;10;karory;x
1275;6;195;50;tosina;x
1276;45;198;8;receph;x
1277;6;3;60;kirula;x
1278;88;129;16;ligazan;x
1279;90;0;66;deuta;x
1280;169;69;57;tausad;x
1281;171;66;57;watius;x
1282;170;135;52;qisesh;x
1283;3;198;50;tyosevi;x
1284;174;96;82;kyosatt;x
1285;46;81;63;demeph;x
1286;89;183;6;kuunosa;x
1287;3;156;30;nutis;x
1288;3;42;95;eherelw;x
1289;44;78;78;baraja;x
1290;173;3;92;nild;x
1291;44;33;48;tolael;x
1292;45;90;48;ratani;x
1293;169;198;72;nanta;x
1294;48;165;58;qolun;x
1295;170;159;82;turusha;x
1296;174;198;57;acatudev;x
1297;170;87;57;avigri;x
1298;171;144;57;kakert;x
1299;131;141;44;sahanta;x
1300;46;57;88;tata;x
1301;1;186;70;recamma;x
1302;87;84;31;kinelgi;x
1303;172;84;2;ephomeus;x
1304;46;165;93;kurerna;x
1305;89;126;61;kanice;x
1306;2;60;30;satimiy;x
1307;3;102;50;baspar;x
1308;132;171;59;qencel;x
1309;127;117;144;tyanan;x
1310;43;126;18;wigujin;x
1311;48;117;8;rirolman;x
1312;84;81;91;debaise;x
1313;4;156;40;qakigin;x
1314;126;204;89;lecigun;x
1315;87;210;26;qodusha;x
1316;5;12;0;sallelw;x
1317;87;6;76;binavai;x
1318;169;36;87;rerini;x
1319;131;78;69;kecewe;x
1320;131;24;44;tinucia;x
1321;87;150;71;lesika;x
1322;3;165;80;derirna;x
1323;173;63;2;reefa;x
1324;129;192;94;ketri;x
1325;4;183;80;ronataw;x
1326;46;87;38;sublig;x
1327;5;132;20;lidhaud;x
1328;129;6;89;kineric;x
1329;3;81;95;qipeseto;x
1330;171;126;12;betri;x
1331;43;96;13;semiala;x
1332;47;3;63;nagofan;x
1333;172;15;52;ketaddeo;x
1334;127;33;64;woragha;x
1335;172;108;77;raspar;x
1336;43;75;58;sotevi;x
1337;44;114;68;resurd;x
1338;46;135;88;lonauq;x
1339;88;39;1;buzey;x
1340;132;114;14;runah;x
1341;173;9;77;rala;x
1342;88;6;31;kitin;x
1343;86;147;96;adanurak;x
1344;173;135;27;nalan;x
1345;131;15;94;quyin;x
1346;1;9;5;tapute;x
1347;169;117;7;kolala;x
1348;47;123;83;boheova;x
1349;86;162;21;rataise;x
1350;43;186;83;wei;x
1351;86;9;86;wafond;x
1352;1;42;30;bolir;x
1353;4;186;45;enyalild;x
1354;131;147;29;balufer;x
1355;46;138;53;sasomon;x
1356;171;108;22;waraqiq;x
1357;170;129;22;kitala;x
1358;85;48;76;ligin;x
1359;174;207;52;kalaruk;x
1360;89;114;46;natana;x
1361;2;120;40;sitin;x
1362;42;45;98;neszek;x
1363;85;144;21;bozusa;x
1364;6;138;5;asuida;x
1365;46;33;13;befan;x
1366;86;168;6;banahar;x
1367;84;138;36;luruu;x
1368;44;201;18;reirike;x
1369;47;192;88;rijah;x
1370;86;57;81;qipila;x
1371;170;48;2;kedota;x
1372;42;174;218;ecalena;x
1373;170;99;17;watoul;x
1374;169;75;87;kitanta;x
1375;173;144;22;ebeatuna;x
1376;170;39;62;tamona;x
1377;44;15;3;ririek;x
1378;170;24;82;terai;x
1379;3;21;30;wutarka;x
1380;87;57;91;tuxulev;x
1381;88;21;11;nibijah;x
1382;2;177;30;dodolun;x
1383;43;69;28;kagiaco;x
1384;3;114;10;rohonda;x
1385;48;6;38;lubeis;x
1386;44;141;8;arektev;x
1387;89;87;6;sosarka;x
1388;4;171;65;awilesa;x
1389;127;90;54;kida;x
1390;44;144;18;ruruu;x
1391;172;21;27;turisha;x
1392;48;60;63;saula;x
1393;87;27;86;wacolir;x
1394;1;36;45;lirasin;x
1395;0;138;65;rubei;x
1396;2;87;70;kulev;x
1397;42;81;33;sudeos;x
1398;171;30;22;avarili;x
1399;0;21;65;ecullah;x
1400;47;156;53;todan;x
1401;126;81;4;teliar;x
1402;90;24;41;siciek;x
1403;126;27;24;sacarda;x
1404;42;132;48;kandi;x
1405;87;144;86;qodara;x
1406;44;54;3;rireis;x
1407;128;114;39;wubaula;x
1408;2;159;40;anatila;x
1409;174;156;92;tudela;x
1410;132;141;54;araula;x
1411;48;195;63;arateis;x
1412;130;123;99;ejirela;x
1413;132;117;79;katian;x
1414;42;51;28;seos;x
1415;85;171;16;talyag;x
1416;45;66;28;ridiise;x
1417;87;201;86;kughan;x
1418;129;168;74;weleth;x
1419;4;108;90;rigidun;x
1420;42;186;73;tarili;x
1421;42;201;53;avirin;x
1422;1;93;90;dinapa;x
1423;129;195;14;kanuu;x
1424;45;84;18;sobara;x
1425;4;0;30;nareyr;x
1426;6;51;10;tyahen;x
1427;84;156;81;teth;x
1428;126;93;169;acagahou;x
1429;89;129;26;nusha;x
1430;169;210;32;bidega;x
1431;87;141;21;keidja;x
1432;85;15;6;rasuela;x
1433;170;42;72;ragjin;x
1434;88;39;56;tarcus;x
1435;90;201;51;qirin;x
1436;4;150;55;kozoun;x
1437;170;93;87;sanolod;x
1438;89;15;36;kireis;x
1439;171;3;27;kebeth;x
1440;86;60;46;wuohael;x
1441;45;6;63;qiibabi;x
1442;42;204;18;banusha;x
1443;43;18;13;suxilla;x
1444;0;168;70;batt;x
1445;132;159;44;nolofan;x
1446;132;69;29;waymo;x
1447;47;99;8;darania;x
1448;127;75;29;datrick;x
1449;5;63;15;laepila;x
1450;127;156;94;epularn;x
1451;127;3;209;taraut;x
1452;89;117;66;wocu;x
1453;129;30;9;qapasil;x
1454;127;6;69;karaqiq;x
1455;90;90;81;subeph;x
1456;129;105;99;qararic;x
1457;172;75;7;wezenr;x
1458;43;45;53;tadeslaw;x
1459;3;141;50;daroste;x
1460;132;24;99;notance;x
1461;171;90;77;ebabin;x
1462;128;12;9;dakalma;x
1463;131;78;24;rer;x
1464;0;186;220;esuloete;x
1465;6;162;80;dezataw;x
1466;6;141;25;atekouz;x
1467;130;141;89;wilard;x
1468;89;123;41;roorund;x
1469;85;90;96;sailte;x
1470;47;186;58;kumega;x
1471;89;24;86;ticai;x
1472;48;66;48;setyg;x
1473;170;117;62;tacarka;x
1474;87;195;1;kolerni;x
1475;172;198;47;weleova;x
1476;1;102;85;roseseto;x
1477;44;108;83;enanair;x
1478;45;75;23;sanofia;x
1479;130;150;84;kotofia;x
1480;87;156;1;karaca;x
1481;126;153;74;dughan;x
1482;87;93;26;tolaj;x
1483;1;3;75;neatatt;x
1484;3;45;60;ebulana;x
1485;0;144;50;lamiek;x
1486;2;156;75;tulana;x
1487;90;21;76;ralile;x
1488;2;9;15;qanhad;x
1489;172;9;67;sataruk;x
1490;169;159;72;kutecco;x
1491;171;24;37;bort;x
1492;171;75;52;tatona;x
1493;46;48;93;tutory;x
1494;90;168;81;ticukac;x
1495;128;93;29;kahes;x
1496;2;141;95;tirei;x
1497;170;27;47;rallin;x
1498;88;201;41;wercavai;x
1499;5;6;70;wasaul;x
1500;46;90;58;roleorn;x
1501;4;105;25;aperofia;x
1502;132;87;74;tesalia;x
1503;47;99;63;ticigin;x
1504;173;186;87;sanadu;x
1505;129;159;79;bisyuk;x
1506;0;51;70;aharicta;x
1507;131;81;89;kavalha;x
1508;1;57;55;esatajko;x
1509;172;24;47;kamaly;x
1510;89;45;41;wotair;x
1511;43;54;48;rapavya;x
1512;132;138;89;navka;x
1513;130;54;94;ecruraj;x
1514;130;117;14;ragarin;x
1515;87;111;71;rinili;x
1516;1;168;80;saniga;x
1517;87;120;66;daran;x
1518;174;78;37;enuoul;x
1519;47;66;38;qanudra;x
1520;132;162;9;niyauq;x
1521;89;186;16;buinand;x
1522;129;45;89;dorance;x
1523;3;174;75;bofarya;x
1524;128;6;79;sugilda;x
1525;128;114;84;ranhad;x
1526;6;117;50;kasen;x
1527;88;183;96;keth;x
1528;172;210;7;locyuk;x
1529;126;180;219;ryasinoi;x
1530;4;165;35;dugika;x
1531;170;72;77;satrelen;x
1532;45;192;78;bajonso;x
1533;4;156;85;tipeseto;x
1534;0;30;60;katum;x
1535;170;36;42;arciaco;x
1536;172;72;42;ricsan;x
1537;85;84;66;azarme;x
1538;129;24;79;reka;x
1539;127;123;129;kardaz;x
1540;172;165;77;deka;x
1541;170;78;7;kavaise;x
1542;130;153;4;esora;x
1543;168;90;57;tinayka;x
1544;130;21;69;balyuva;x
1545;86;96;36;woyan;x
1546;45;156;43;savatt;x
1547;129;198;24;dorir;x
1548;1;63;85;asariana;x
1549;85;183;76;nametu;x
1550;170;177;72;bathard;x
1551;5;144;35;eleodisa;x
1552;132;195;34;rorasco;x
1553;85;123;66;dakazan;x
1554;42;9;63;sezi;x
1555;132;51;39;tarayah;x
1556;44;156;33;tudeis;x
1557;42;144;213;nirasin;x
1558;4;135;30;lallad;x
1559;1;195;65;evetigin;x
1560;173;45;12;tadyag;x
1561;46;105;83;tonama;x
1562;2;147;25;digarda;x
1563;130;204;64;edhapa;x
1564;1;195;20;qiibuna;x
1565;0;102;30;epuxicta;x
1566;4;78;85;abagicta;x
1567;172;126;22;qelisa;x
1568;2;186;80;egine;x
1569;172;81;92;weceth;x
1570;131;111;39;rolecco;x
1571;1;210;45;kalucia;x
1572;174;36;72;kaduna;x
1573;169;6;82;nezuqa;x
1574;43;99;33;ebretini;x
1575;4;114;20;nananni;x
1576;45;210;68;aliyavya;x
1577;3;108;80;saulind;x
1578;4;24;5;rugick;x
1579;0;96;205;azailte;x
1580;48;177;18;tadoul;x
1581;170;6;37;tereth;x
1582;127;72;64;tidesh;x
1583;6;48;45;deudanu;x
1584;130;120;79;tanalma;x
1585;2;156;20;tayneph;x
1586;1;12;70;ananila;x
1587;42;150;38;laneph;x
1588;48;108;13;lovya;x
1589;2;54;45;limofan;x
1590;131;117;24;kutine;x
1591;46;144;38;taqiq;x
1592;5;120;5;karcus;x
1593;172;15;97;nicevi;x
1594;90;99;76;taziata;x
1595;45;123;73;kionti;x
1596;89;156;66;azilroy;x
1597;47;96;43;risiga;x
1598;172;12;87;dyayuz;x
1599;6;45;25;keroan;x
1600;4;93;10;riyauq;x
1601;129;72;29;kanini;x
1602;4;138;95;simius;x
1603;128;201;34;kecud;x
1604;168;21;52;katerni;x
1605;90;30;71;totoshel;x
1606;3;180;5;baudeka;x
1607;129;45;34;ricius;x
1608;86;162;76;kiazala;x
1609;2;33;90;kailte;x
1610;171;210;52;lidhini;x
1611;47;114;88;sulier;x
1612;6;183;90;tipili;x
1613;6;207;65;lavosa;x
1614;87;117;46;danabi;x
1615;129;21;14;kuleth;x
1616;3;45;5;kudisla;x
1617;84;9;21;nigern;x
1618;6;42;60;lutagh;x
1619;43;57;13;tosirun;x
1620;2;180;95;kude;x
1621;89;153;46;tionoru;x
1622;170;189;32;leke;x
1623;44;159;98;ekakavai;x
1624;46;189;68;qonataw;x
1625;48;168;23;rilroy;x
1626;42;30;18;ritavin;x
1627;48;174;53;neka;x
1628;171;93;42;soriga;x
1629;87;45;76;rerelw;x
1630;44;120;98;toanurd;x
1631;127;0;94;tuallo;x
1632;4;189;10;tahom;x
1633;1;147;70;kesojan;x
1634;132;192;69;sisum;x
1635;43;117;128;ralaut;x
1636;88;141;31;natataw;x
1637;44;36;13;rana;x
1638;172;189;97;kutuqa;x
1639;47;105;38;neryai;x
1640;173;18;72;doriik;x
1641;43;177;88;titoo;x
1642;85;174;26;teupafa;x
1643;48;207;23;tude;x
1644;132;204;29;tuohath;x
1645;87;36;81;rovan;x
1646;173;201;67;qisyaman;x
1647;89;3;76;rosenr;x
1648;173;123;12;lijah;x
1649;127;39;39;eligian;x
1650;48;0;53;sucakat;x
1651;45;153;78;qatarn;x
1652;87;18;91;qecaoro;x
1653;46;90;3;niraltum;x
1654;44;105;18;emaririn;x
1655;84;186;86;kageer;x
1656;86;108;96;qeileer;x
1657;90;45;96;bahanta;x
1658;48;45;38;kimesh;x
1659;46;141;18;daisdor;x
1660;130;186;74;abeatosa;x
1661;89;144;51;naliaco;x
1662;45;30;38;wekpa;x
1663;46;183;38;kinaine;x
1664;86;6;66;rezirc;x
1665;174;3;2;luloyan;x
1666;86;174;36;edoravin;x
1667;44;123;63;qaudirah;x
1668;169;108;57;dolini;x
1669;1;162;50;latum;x
1670;6;201;35;wiulf;x
1671;43;171;3;nyasatas;x
1672;48;201;93;ranufer;x
1673;45;42;53;danusha;x
1674;45;81;53;kuaham;x
1675;168;144;37;ekuloses;x
1676;85;168;96;amadyag;x
1677;43;51;83;wikumo;x
1678;5;186;0;latolt;x
1679;3;204;25;rorund;x
1680;45;132;13;nigurak;x
1681;5;201;80;lananray;x
1682;172;18;62;kar;x
1683;46;159;63;wicarda;x
1684;47;150;23;dararon;x
1685;90;144;6;abronia;x
1686;130;27;99;nayneph;x
1687;0;129;175;asodoke;x
1688;0;36;90;wegeth;x
1689;128;135;94;raimabi;x
1690;130;12;74;abracob;x
1691;89;6;41;katrum;x
1692;170;21;17;temiaco;x
1693;130;165;64;wonius;x
1694;45;150;58;rauseon;x
1695;3;138;40;kezaina;x
1696;130;90;29;erocani;x
1697;128;201;89;tikasan;x
1698;89;165;61;ahind;x
1699;90;195;21;qiga;x
1700;45;117;88;rely;x
1701;132;102;54;ronigo;x
1702;2;27;5;qesurd;x
1703;89;207;81;quyavya;x
1704;47;9;93;deupessa;x
1705;172;99;82;ewitofia;x
1706;5;147;0;nayaham;x
1707;90;66;6;wetinic;x
1708;171;72;87;emalaqiq;x
1709;84;51;86;daladir;x
1710;170;78;62;digin;x
1711;90;132;46;rajaya;x
1712;84;27;66;tisaya;x
1713;127;183;34;liibuu;x
1714;6;147;55;keataj;x
1715;4;99;40;dania;x
1716;3;174;20;waway;x
1717;90;18;56;tiporgil;x
1718;127;189;64;tigaway;x
1719;1;33;130;telalia;x
1720;172;168;87;duedan;x
1721;89;210;46;qaona;x
1722;84;93;6;nalray;x
1723;48;81;73;railin;x
1724;172;204;77;werelen;x
1725;168;63;72;adupta;x
1726;5;48;90;to-lua;x
1727;169;114;87;dagahil;x
1728;45;93;13;aglusa;x
1729;170;132;87;rarassa;x
1730;43;21;128;degaide;x
1731;47;54;78;rirofan;x
1732;47;162;83;razusa;x
1733;86;69;96;awiturva;x
1734;47;18;43;lulude;x
1735;42;129;83;sagafa;x
1736;42;198;88;eviacob;x
1737;6;24;70;sicsa;x
1738;85;12;96;queova;x
1739;4;39;30;sakite;x
1740;170;105;2;nuinde;x
1741;169;12;12;weatetu;x
1742;131;63;44;aqarsa;x
1743;128;9;44;risumo;x
1744;5;78;95;esaracob;x
1745;128;90;64;sotam;x
1746;131;174;14;tivurak;x
1747;128;159;69;larew;x
1748;48;99;18;deuteon;x
1749;43;147;28;relimiy;x
1750;168;69;2;ejezelen;x
1751;130;42;79;wiiboke;x
1752;5;162;25;qarila;x
1753;131;138;34;sanyuva;x
1754;85;75;16;nagenr;x
1755;90;75;1;ryahemka;x
1756;47;96;98;reofert;x
1757;89;87;61;resalia;x
1758;1;6;40;deoradu;x
1759;42;27;53;ruleefa;x
1760;4;57;75;kalerni;x
1761;5;87;90;rulai;x
1762;129;150;29;asomice;x
1763;168;147;2;regold;x
1764;42;168;83;tezauq;x
1765;4;204;35;ramusa;x
1766;87;207;16;livalma;x
1767;47;192;43;deuber;x
1768;127;9;34;rir;x
1769;46;66;83;rupta;x
1770;1;42;75;tatiulf;x
1771;1;120;30;ningus;x
1772;3;48;25;kessa;x
1773;47;51;13;biminoi;x
1774;42;117;173;sualis;x
1775;4;21;40;kiculin;x
1776;42;69;73;asreka;x
1777;43;162;8;keineefa;x
1778;132;27;64;kipeseto;x
1779;126;24;59;bicora;x
1780;172;48;22;redonti;x
1781;88;135;1;siazala;x
1782;2;210;55;linerek;x
1783;43;9;18;denian;x
1784;86;186;51;balajun;x
1785;85;174;81;wanoito;x
1786;86;24;11;qanasaj;x
1787;3;135;20;tuzite;x
1788;169;45;82;risanab;x
1789;129;15;29;egunund;x
1790;171;60;72;saqiq;x
1791;168;162;82;dokenzo;x
1792;90;84;51;ninarka;x
1793;2;39;20;kaisl;x
1794;132;18;69;qinila;x
1795;128;207;19;kagavan;x
1796;87;90;6;tulona;x
1797;0;63;30;latasil;x
1798;3;63;50;eharanu;x
1799;89;126;6;teateca;x
1800;5;174;40;lercoan;x
1801;169;24;72;qedini;x
1802;42;39;68;qorona;x
1803;127;30;44;kalife;x
1804;172;84;57;taleph;x
1805;47;195;53;narall;x
1806;5;159;60;quiulf;x
1807;128;144;89;terona;x
1808;44;0;78;winomar;x
1809;45;120;53;ricarda;x
1810;169;132;32;tantia;x
1811;45;63;63;qerarwa;x
1812;43;78;23;daipiza;x
1813;172;27;12;atzarria;x
1814;85;69;86;kahuira;x
1815;6;174;95;elider;x
1816;47;60;8;rokecco;x
1817;43;33;38;raludra;x
1818;86;150;61;wahalp;x
1819;171;147;22;torona;x
1820;1;45;95;warila;x
1821;0;210;90;ruqarcas;x
1822;47;42;63;salyag;x
1823;46;201;28;beupulin;x
1824;174;51;97;ranini;x
1825;0;75;90;tonauq;x
1826;42;126;63;koninde;x
1827;174;180;12;ewesum;x
1828;126;93;64;enuinde;x
1829;3;18;20;eserni;x
1830;171;60;27;receas;x
1831;45;18;78;kamingus;x
1832;128;0;49;ramum;x
1833;172;63;47;lata;x
1834;86;126;86;rodusha;x
1835;174;114;72;ketice;x
1836;88;78;1;tagumo;x
1837;171;180;47;linasa;x
1838;5;72;10;liibila;x
1839;43;126;73;qalunes;x
1840;88;99;66;koziek;x
1841;88;198;76;rigetam;x
1842;130;45;44;wuloses;x
1843;2;33;35;sigarwa;x
1844;84;75;61;enaleph;x
1845;2;138;30;tagaon;x
1846;170;102;37;semka;x
1847;174;147;42;tacabah;x
1848;2;6;50;talazan;x
1849;172;6;2;bayneph;x
1850;89;78;11;tyosolas;x
1851;174;90;52;woke;x
1852;47;69;3;biibtas;x
1853;90;69;71;analazan;x
1854;127;162;24;tetigin;x
1855;2;183;60;siubisa;x
1856;168;18;87;dife;x
1857;88;48;51;kadiena;x
1858;171;57;7;rakudah;x
1859;5;51;0;batasa;x
1860;4;48;80;tedife;x
1861;174;195;92;rudella;x
1862;3;105;15;tahela;x
1863;128;18;94;teuven;x
1864;172;36;7;sisajun;x
1865;0;99;170;wuunivoj;x
1866;90;39;66;evledek;x
1867;128;30;54;radona;x
1868;131;204;19;dom;x
1869;48;33;23;kolasa;x
1870;173;15;7;wadalma;x
1871;168;15;227;tovinoi;x
1872;1;141;40;qarania;x
1873;42;15;93;tagarka;x
1874;169;18;97;qinalp;x
1875;2;87;15;nipaud;x
1876;128;18;39;takyuva;x
1877;85;9;76;tuiulf;x
1878;128;87;99;danenna;x
1879;44;75;13;roteon;x
1880;86;183;31;sanum;x
1881;47;102;28;kedoth;x
1882;90;36;1;qatasil;x
1883;84;99;36;napila;x
1884;88;87;51;qaronia;x
1885;128;147;54;dakusa;x
1886;44;105;73;lilila;x
1887;86;126;41;lameke;x
1888;84;171;6;nusura;x
1889;2;27;60;taron;x
1890;4;192;75;datila;x
1891;2;69;25;bonakita;x
1892;4;30;90;runes;x
1893;168;111;172;warian;x
1894;85;93;61;aduresh;x
1895;46;39;43;dulan;x
1896;131;153;59;wonara;x
1897;130;3;79;woraham;x
1898;86;120;56;dyian;x
1899;44;147;38;razona;x
1900;85;120;1;rarinus;x
1901;130;102;89;ajirasil;x
1902;4;39;85;taroke;x
1903;131;108;74;qorarcas;x
1904;174;135;82;azega;x
1905;169;210;87;necarme;x
1906;168;141;72;rodonse;x
1907;46;99;53;eharen;x
1908;4;60;40;tinirah;x
1909;85;81;1;totenr;x
1910;47;207;68;tanofan;x
1911;172;117;27;tevecla;x
1912;169;201;37;tahualis;x
1913;0;120;75;rezojan;x
1914;45;132;68;tajonso;x
1915;131;69;74;tuoke;x
1916;85;189;6;satanab;x
1917;168;180;72;aveceefa;x
1918;87;84;76;soumilda;x
1919;86;192;81;tegoul;x
1920;43;123;8;echicega;x
1921;3;78;75;bileas;x
1922;173;141;57;kimo;x
1923;85;54;6;kilda;x
1924;3;54;55;berini;x
1925;168;99;7;donega;x
1926;48;30;58;webopir;x
1927;174;81;2;bomecco;x
1928;128;48;44;rumine;x
1929;46;180;73;kuzifon;x
1930;171;165;67;tulakr;x
1931;130;57;59;qisina;x
1932;169;174;97;datefan;x
1933;90;174;66;sudacob;x
1934;47;159;73;tavugun;x
1935;44;93;58;laralia;x
1936;130;24;89;kidhani;x
1937;128;24;24;rercinoi;x
1938;170;114;97;luregar;x
1939;128;105;89;qerofan;x
1940;4;69;90;nakonse;x
1941;4;54;10;sulyne;x
1942;5;192;30;wunacob;x
1943;129;114;94;buzewe;x
1944;89;135;56;awitand;x
1945;168;48;92;ababaja;x
1946;170;168;77;satini;x
1947;127;84;24;radiena;x
1948;89;177;76;tacudah;x
1949;127;132;74;lonupta;x
1950;47;66;93;sicajko;x
1951;3;177;40;rapukar;x
1952;89;210;91;qeluna;x
1953;174;204;87;kosorgil;x
1954;85;132;61;riejda;x
1955;174;180;67;litalo;x
1956;172;201;12;berelw;x
1957;3;48;70;qusig;x
1958;46;51;3;roumepa;x
1959;42;183;8;tasirve;x
1960;127;123;24;kunirve;x
1961;87;21;56;tujeco;x
1962;42;96;58;kanusule;x
1963;42;21;23;simesa;x
1964;45;186;48;raca;x
1965;46;117;43;raniata;x
1966;43;129;38;byaseon;x
1967;168;102;72;naneka;x
1968;130;120;34;eseka;x
1969;86;36;26;narand;x
1970;45;102;8;qoteka;x
1971;86;78;91;norili;x
1972;171;78;17;doteas;x
1973;3;12;35;buleric;x
1974;5;30;45;ecoturva;x
1975;87;210;81;kulidis;x
1976;42;114;3;bofard;x
1977;174;120;57;nonyne;x
1978;131;3;34;debudor;x
1979;130;30;64;qazanda;x
1980;4;183;25;limesa;x
1981;131;114;4;tiseer;x
1982;4;201;70;doxaca;x
1983;88;6;86;kuohega;x
1984;44;138;43;donuqa;x
1985;88;117;56;wokeco;x
1986;169;180;27;wiraus;x
1987;6;138;60;koanavo;x
1988;48;150;78;watatso;x
1989;174;144;77;ejomiku;x
1990;174;117;37;titeka;x
1991;90;6;96;sasoger;x
1992;48;189;33;rolala;x
1993;90;105;6;abinai;x
1994;172;111;42;wiraid;x
1995;89;60;21;syalania;x
1996;173;102;57;divaye;x
1997;47;75;88;wecilan;x
1998;85;87;31;esoabeas;x
1999;1;18;55;qalisey;x
2000;132;57;69;aboteon;x
2001;131;54;49;darman;x
2002;126;120;4;bulavo;x
2003;1;75;0;ritesa;x
2004;84;72;96;bedirun;x
2005;173;66;22;devini;x
2006;88;138;11;wammad;x
2007;42;48;63;ezanda;x
2008;6;114;85;terindo;x
2009;170;186;67;aidirc;x
2010;5;24;15;wicavya;x
2011;4;195;40;ricuq;x
2012;44;117;33;sonora;x
2013;127;99;49;ruiulf;x
2014;6;30;0;singa;x
2015;44;30;83;kanunes;x
2016;130;150;39;reryai;x
2017;46;114;78;lunyapa;x
2018;3;189;0;tareas;x
2019;46;195;98;ruleas;x
2020;1;159;30;lotier;x
2021;168;171;182;kirirah;x
2022;128;78;49;leova;x
2023;169;54;77;evlucia;x
2024;42;192;58;rukivoj;x
2025;2;123;5;lirinoi;x
2026;4;132;10;kadu;x
2027;130;132;94;komar;x
2028;129;198;79;lanusund;x
2029;129;63;79;sanofan;x
2030;126;192;74;secoot;x
2031;4;210;65;afund;x
2032;44;66;18;rillem;x
2033;171;132;97;waziata;x
2034;6;159;15;koanelt;x
2035;85;54;61;rekuqa;x
2036;85;45;66;egeverni;x
2037;129;126;54;talijah;x
2038;127;153;84;ruzey;x
2039;171;111;87;barisla;x
2040;0;12;15;kivelt;x
2041;45;96;33;qananruq;x
2042;48;102;83;kilofan;x
2043;43;204;73;silda;x
2044;172;195;82;doreka;x
2045;5;21;95;luzoot;x
2046;42;93;93;asofoete;x
2047;86;99;1;dolako;x
2048;89;120;76;evasie;x
2049;43;147;83;azaut;x
2050;45;177;98;kazeka;x
2051;129;12;19;sagama;x
2052;169;105;142;ranarta;x
2053;128;63;24;teudallo;x
2054;87;9;41;sarenda;x
2055;88;102;76;douum;x
2056;47;165;3;susurva;x
2057;169;33;22;tezaina;x
2058;4;33;55;qihely;x
2059;173;105;22;lalric;x
2060;168;207;12;tiibeas;x
2061;127;129;54;lugena;x
2062;46;63;18;rananaut;x
2063;44;150;3;rananaud;x
2064;127;120;59;avidha;x
2065;86;90;51;koheova;x
2066;86;0;91;terulda;x
2067;173;147;87;banuseco;x
2068;129;81;24;wavudor;x
2069;129;192;49;qith;x
2070;128;120;69;kerurva;x
2071;127;147;99;adonira;x
2072;174;87;32;warecco;x
2073;132;129;39;diray;x
2074;3;12;90;tacumay;x
2075;0;87;5;seineefa;x
2076;0;33;25;ezdeefa;x
2077;87;66;86;seariga;x
2078;89;102;86;rerine;x
2079;87;207;61;nuind;x
2080;85;78;81;boshel;x
2081;6;129;10;noraran;x
2082;48;33;78;katelw;x
2083;127;3;4;womyuva;x
2084;127;12;54;tasaut;x
2085;169;183;47;edharalo;x
2086;4;45;15;nosumo;x
2087;129;57;49;kulesa;x
2088;1;174;10;takasil;x
2089;89;153;1;nyaykid;x
2090;46;21;53;aqike;x
2091;88;156;56;kerorg;x
2092;85;51;41;kananaut;x
2093;131;51;29;kicath;x
2094;128;210;29;bamoete;x
2095;90;186;26;qerelw;x
2096;129;42;69;linand;x
2097;170;84;92;dafepa;x
2098;173;174;27;tazaus;x
2099;43;57;68;qotoo;x
2100;129;0;4;remba;x
2101;168;81;62;danonti;x
2102;168;78;97;nevite;x
2103;1;48;60;rudaoci;x
2104;171;96;7;beten;x
2105;171;3;82;keudius;x
2106;169;186;12;nomaon;x
2107;88;51;16;wohoul;x
2108;87;54;26;katavati;x
2109;4;99;95;nicuz;x
2110;6;78;50;disel;x
2111;131;39;69;wikavya;x
2112;174;210;72;ninetam;x
2113;43;36;58;edapa;x
2114;127;105;34;licuz;x
2115;132;48;74;rajopo;x
2116;171;120;82;doninoi;x
2117;87;18;36;kuyasan;x
2118;47;45;83;bauleca;x
2119;48;57;98;wuance;x
2120;43;156;23;kamide;x
2121;5;27;25;lictaw;x
2122;43;153;58;wekasan;x
2123;85;99;141;raudeka;x
2124;85;207;51;rosaut;x
2125;85;195;91;sanad;x
2126;88;9;51;berallo;x
2127;2;0;20;kanaon;x
2128;46;168;58;wira;x
2129;2;198;40;abuohida;x
2130;47;168;68;kobisha;x
2131;126;147;44;qagavai;x
2132;88;168;71;ralummai;x
2133;131;72;39;ebretard;x
2134;86;93;16;wagair;x
2135;48;12;68;tanelw;x
2136;46;27;83;qerani;x
2137;47;180;28;weinude;x
2138;172;147;32;konallo;x
2139;172;90;87;ahoneric;x
2140;6;204;0;edanojan;x
2141;168;177;7;nahuira;x
2142;44;165;28;tomama;x
2143;130;54;39;wimoot;x
2144;3;21;85;nareka;x
2145;130;147;19;kuind;x
2146;87;48;96;dadind;x
2147;86;204;41;lorurga;x
2148;47;174;98;qadimon;x
2149;85;195;36;emairila;x
2150;127;150;64;dite;x
2151;84;126;76;kemini;x
2152;132;150;49;quqiotas;x
2153;45;0;88;ridale;x
2154;3;168;45;esulavo;x
2155;170;195;17;amecude;x
2156;0;60;65;kammad;x
2157;86;69;41;sicma;x
2158;172;171;7;soanude;x
2159;131;120;89;esulier;x
2160;5;141;70;rugund;x
2161;169;144;47;karand;x
2162;46;150;68;sulelt;x
2163;0;135;0;tilini;x
2164;86;105;31;wasund;x
2165;6;198;70;tolyai;x
2166;128;153;39;laria;x
2167;44;9;73;totalo;x
2168;128;180;24;tivilia;x
2169;48;3;18;tojan;x
2170;5;27;80;kedini;x
2171;48;69;13;qoseseto;x
2172;43;33;93;wolelw;x
2173;127;210;74;tocaud;x
2174;174;162;22;lasick;x
2175;84;39;26;kayahet;x
2176;130;0;59;todisek;x
2177;130;156;14;riciik;x
2178;172;114;62;womonti;x
2179;4;180;60;rahiar;x
2180;128;57;39;bearew;x
2181;90;207;36;reorge;x
2182;5;111;10;sorind;x
2183;131;132;49;tarakke;x
2184;84;150;51;nerelw;x
2185;44;174;23;aziku;x
2186;128;81;69;kapasan;x
2187;169;9;47;beratso;x
2188;170;150;32;ratavya;x
2189;129;174;4;wethuna;x
2190;2;171;0;rora;x
2191;170;159;27;nugetri;x
2192;48;75;43;anusesa;x
2193;173;6;57;liraus;x
2194;131;126;19;eminga;x
2195;126;117;39;kajarin;x
2196;169;117;52;kaletri;x
2197;85;180;11;namevat;x
2198;88;42;21;wanum;x
2199;85;66;21;tolelun;x
2200;168;168;12;qalayah;x
2201;131;72;94;deradir;x
2202;88;189;26;kinabah;x
2203;47;78;53;rinania;x
2204;6;123;80;aperug;x
2205;128;186;9;kidinio;x
2206;6;198;15;natarka;x
2207;86;156;46;tevusha;x
2208;3;51;35;deret;x
2209;169;42;17;wotulda;x
2210;84;189;51;nelara;x
2211;129;144;99;kogine;x
2212;46;81;8;byasonza;x
2213;131;18;59;rilora;x
2214;46;9;38;kaki;x
2215;0;105;95;sory;x
2216;0;42;20;kutasb;x
2217;3;33;45;emacala;x
2218;87;123;31;kasyne;x
2219;85;192;71;tinili;x
2220;2;72;90;qanard;x
2221;44;141;53;beilorg;x
2222;89;120;31;ajirinoi;x
2223;4;84;15;radeleth;x
2224;126;57;29;tozamed;x
2225;169;72;22;abinyas;x
2226;84;96;71;kiibath;x
2227;130;126;64;reineefa;x
2228;45;159;53;tyosyne;x
2229;47;108;3;sidhr;x
2230;131;48;19;bolyai;x
2231;87;132;26;bocani;x
2232;86;171;71;rolani;x
2233;129;117;59;qacala;x
2234;44;168;93;qaineric;x
2235;44;45;8;ligun;x
2236;47;159;18;kaliza;x
2237;1;171;45;ajamiek;x
2238;5;126;90;reahisa;x
2239;43;96;68;karid;x
2240;87;21;1;weilars;x
2241;5;90;55;decoot;x
2242;169;204;57;keoretu;x
2243;171;174;62;kakoses;x
2244;89;0;56;winasa;x
2245;4;198;5;seorabi;x
2246;126;150;9;tanuna;x
2247;85;138;91;kalei;x
2248;47;177;63;lisa;x
2249;127;156;49;kotulda;x
2250;86;3;1;neufivoj;x
2251;129;189;84;nizarn;x
2252;1;111;35;radislav;x
2253;172;159;92;qigaman;x
2254;128;129;64;evallad;x
2255;130;3;24;sinirig;x
2256;3;90;90;solir;x
2257;84;84;56;binei;x
2258;85;78;36;taivid;x
2259;169;21;62;rerasi;x
2260;88;174;1;ehineric;x
2261;43;66;63;takarka;x
2262;42;180;43;rolerni;x
2263;1;45;40;quleefa;x
2264;169;63;27;tongi;x
2265;126;198;59;kikarka;x
2266;88;90;16;ebrara;x
2267;5;102;15;qapiena;x
2268;5;78;40;wesavin;x
2269;128;210;84;apavi;x
2270;5;204;45;raligin;x
2271;128;75;84;qiubeth;x
2272;2;144;60;anasa;x
2273;87;75;81;qanu;x
2274;1;15;90;nyosavo;x
2275;44;21;33;devi;x
2276;89;33;26;beupiik;x
2277;1;12;25;bamavan;x
2278;88;57;46;qanine;x
2279;3;144;70;wicevat;x
2280;130;117;69;sobeph;x
2281;169;162;37;denelgi;x
2282;3;72;45;kike;x
2283;88;195;11;desian;x
2284;46;27;28;tomide;x
2285;173;183;77;tegexis;x
2286;3;168;90;amilda;x
2287;86;99;46;kanio;x
2288;5;174;85;bisonti;x
2289;45;99;98;lavorg;x
2290;126;15;64;rafaut;x
2291;88;204;6;ritum;x
2292;170;18;52;ditni;x
2293;47;135;98;taniga;x
2294;132;15;4;wapavin;x
2295;1;0;10;wanarta;x
2296;127;144;34;walepa;x
2297;48;48;3;rerick;x
2298;43;114;58;sezick;x
2299;172;75;62;waniena;x
2300;45;189;58;rorarka;x
2301;88;33;71;kinudah;x
2302;42;12;28;ranaut;x
2303;131;135;69;kitivoj;x
2304;89;90;71;kanaud;x
2305;5;153;30;rezevi;x
2306;132;78;79;anuallo;x
2307;90;135;11;ruind;x
2308;4;174;30;rananu;x
2309;6;105;35;edonet;x
2310;85;204;86;sosanab;x
2311;170;156;62;tavarka;x
2312;130;147;74;teoreka;x
2313;168;12;57;tuniotas;x
2314;129;42;24;qulai;x
2315;42;153;3;wulila;x
2316;172;87;22;lyatia;x
2317;43;165;73;romina;x
2318;126;0;84;wutora;x
2319;89;180;41;kakabah;x
2320;42;87;168;rabuna;x
2321;90;114;56;woubola;x
2322;171;198;37;tinita;x
2323;86;129;51;diibory;x
2324;42;60;23;badiena;x
2325;2;129;35;doherlo;x
2326;126;111;9;eturexis;x
2327;45;3;53;ezdilroy;x
2328;43;180;98;kacama;x
2329;46;147;3;kacom;x
2330;173;129;42;lideas;x
2331;174;93;17;lerum;x
2332;45;174;33;qeinite;x
2333;172;42;37;loraut;x
2334;130;168;29;seudeefa;x
2335;2;51;80;ryaseka;x
2336;127;123;79;razanda;x
2337;47;204;3;sesug;x
2338;3;117;30;wugojan;x
2339;0;186;15;sadick;x
2340;170;165;57;taheco;x
2341;173;60;92;tezolod;x
2342;127;39;94;neregar;x
2343;169;111;77;tizirig;x
2344;1;99;75;badavin;x
2345;169;168;67;namonti;x
2346;168;195;52;ladaul;x
2347;85;111;51;sinomar;x
2348;0;93;35;wiibila;x
2349;89;72;81;rogofan;x
2350;44;171;58;busig;x
2351;48;87;3;tinan;x
2352;45;66;73;teubeas;x
2353;47;72;68;kinofie;x
2354;129;147;64;etapouz;x
2355;2;117;20;kaniar;x
2356;42;171;48;ranund;x
2357;173;54;7;sasonti;x
2358;47;24;73;delusha;x
2359;1;69;220;enusha;x
2360;88;96;46;ehinolf;x
2361;85;201;66;wisarka;x
2362;171;135;62;kedund;x
2363;44;6;8;serela;x
2364;0;117;10;rasi;x
2365;85;198;1;silroy;x
2366;48;198;28;tareon;x
2367;173;72;52;wiraula;x
2368;87;99;56;rund;x
2369;2;96;10;lolelw;x
2370;44;108;38;arolard;x
2371;129;153;94;abotofia;x
2372;43;0;68;wolum;x
2373;5;210;20;sunutt;x
2374;127;138;4;qiibtas;x
2375;46;207;58;wicund;x
2376;47;198;18;qinaye;x
2377;2;150;90;aqapiena;x
2378;87;129;61;kacarka;x
2379;0;123;40;sadavan;x
2380;128;183;44;kevani;x
2381;169;192;42;ro-lua;x
2382;2;195;75;seraoci;x
2383;89;81;76;rimeinn;x
2384;89;183;51;ejanaud;x
2385;128;117;4;emaraly;x
2386;5;39;40;rolonti;x
2387;1;192;55;karojan;x
2388;48;126;3;revi;x
2389;6;189;20;nanad;x
2390;170;42;27;tarry;x
2391;172;204;22;toumepa;x
2392;45;183;83;bivude;x
2393;88;18;46;siyataw;x
2394;128;81;14;kateidja;x
2395;126;30;89;sudeis;x
2396;127;207;9;qokexis;x
2397;85;57;26;nezolir;x
2398;168;198;17;tenilda;x
2399;44;180;8;tagaram;x
2400;42;147;73;digita;x
2401;89;36;46;bilitya;x
2402;48;129;23;tavong;x
2403;89;69;16;turolun;x
2404;173;21;37;qoger;x
2405;129;99;14;niparta;x
2406;4;42;50;arolofan;x
2407;84;36;61;kuzite;x
2408;171;33;32;sarirah;x
2409;130;114;49;arociga;x
2410;85;210;16;lalick;x
2411;3;129;90;lalevi;x
2412;2;105;60;walataw;x
2413;42;111;38;lapataw;x
2414;6;186;55;soylala;x
2415;127;6;24;nauliulf;x
2416;85;114;71;ajhetu;x
2417;170;69;67;lodike;x
2418;44;12;38;tulara;x
2419;3;69;80;romafa;x
2420;87;87;41;tutouz;x
2421;45;207;3;deoriar;x
2422;168;138;212;kenacon;x
2423;86;198;11;renert;x
2424;42;75;3;werojan;x
2425;85;159;1;royang;x
2426;131;198;89;tidha;x
2427;173;123;67;bidu;x
2428;4;60;95;sutataw;x
2429;170;168;22;tadavara;x
2430;169;144;92;nadinde;x
2431;168;132;77;tekanu;x
2432;132;9;74;kerofan;x
2433;89;207;26;qudopir;x
2434;46;141;73;qyaline;x
2435;169;207;67;ridho;x
2436;86;117;91;rinudah;x
2437;2;93;45;qemihuo;x
2438;47;90;13;doryas;x
2439;45;123;18;ladasb;x
2440;174;102;12;nuu;x
2441;1;204;15;naudom;x
2442;130;66;54;sulivoj;x
2443;170;72;32;reatund;x
2444;89;84;96;kiyava;x
2445;5;195;95;nutisa;x
2446;127;93;19;asakide;x
2447;174;45;67;nyasom;x
2448;169;207;22;loke;x
2449;2;111;90;rezupta;x
2450;1;102;40;dutora;x
2451;86;51;51;rumo;x
2452;85;21;36;tanavin;x
2453;47;171;33;kiliena;x
2454;131;18;14;qacemar;x
2455;174;27;22;tayumo;x
2456;131;138;79;ebosonti;x
2457;126;210;19;quludah;x
2458;129;93;84;kurund;x
2459;44;165;83;bicta;x
2460;44;111;48;todavai;x
2461;88;189;81;agnarda;x
2462;42;36;48;wisasb;x
2463;130;99;24;eseline;x
2464;47;141;28;bonesse;x
2465;85;138;46;rodimon;x
2466;90;3;31;loubick;x
2467;88;45;31;bauselw;x
2468;87;72;16;sonalat;x
2469;3;210;10;kezine;x
2470;3;84;5;beimiy;x
2471;170;123;92;qedigun;x
2472;4;15;10;sadiam;x
2473;47;168;13;wiena;x
2474;86;72;61;tacakr;x
2475;90;102;41;nanetu;x
2476;6;171;30;tutt;x
2477;172;45;2;kemard;x
2478;128;33;19;kinelun;x
2479;42;156;68;larela;x
2480;174;210;17;lorivoj;x
2481;128;180;79;bauliulf;x
2482;45;45;18;neutolf;x
2483;2;132;0;woroke;x
2484;129;84;89;rikyag;x
2485;168;51;57;lirienne;x
2486;129;96;49;asodilzi;x
2487;128;27;34;tasarka;x
2488;90;204;71;rinela;x
2489;172;48;67;wadavin;x
2490;46;201;83;qamanab;x
2491;86;132;71;ahaula;x
2492;87;3;11;rodund;x
2493;43;48;18;wigadir;x
2494;130;18;4;bakabah;x
2495;169;120;72;edhelw;x
2496;171;102;92;eridaul;x
2497;169;120;17;digaram;x
2498;89;111;81;badya;x
2499;5;114;30;tagya;x
2500;46;171;23;nodalat;x
2501;3;126;25;keateca;x
2502;46;78;98;ezmuqa;x
2503;44;24;53;teriar;x
2504;171;201;2;raudand;x
2505;173;33;52;karsa;x
2506;3;60;85;warcas;x
2507;5;141;15;bidarka;x
2508;90;138;76;kuzine;x
2509;0;39;160;egoniaco;x
2510;168;198;222;kesse;x
2511;169;138;62;tekemar;x
2512;87;180;76;tadasb;x
2513;169;48;47;wacofan;x
2514;2;90;80;kethund;x
2515;43;210;3;sesse;x
2516;1;198;85;lonenr;x
2517;128;204;99;reorasa;x
2518;170;30;12;dulakr;x
2519;173;3;47;line;x
2520;44;138;88;telayya;x
2521;173;156;37;qeret;x
2522;169;81;17;tezarka;x
2523;129;177;69;deorge;x
2524;4;162;70;eduuir;x
2525;89;195;66;tirian;x
2526;169;165;2;likyag;x
2527;126;189;9;wacine;x
2528;172;3;37;qethenr;x
2529;0;57;0;witulin;x
2530;0;162;40;aqutasb;x
2531;168;129;12;quu;x
2532;44;111;3;adorick;x
2533;171;36;52;tesse;x
2534;129;39;4;esakumo;x
2535;43;60;33;ehasiar;x
2536;129;9;99;korona;x
2537;0;3;225;desila;x
2538;170;9;2;losumo;x
2539;4;36;65;ligexis;x
2540;45;141;63;kiar;x
2541;168;174;42;bilan;x
2542;170;99;72;nudora;x
2543;168;168;217;witukac;x
2544;126;66;24;athusha;x
2545;5;147;45;kaudaus;x
2546;4;51;45;seudows;x
2547;171;168;32;lilo;x
2548;89;117;11;kakudah;x
2549;1;189;90;tedetu;x
2550;173;99;92;evisasb;x
2551;4;36;20;rerira;x
2552;89;177;21;luvven;x
2553;48;3;73;lidalaf;x
2554;129;183;99;radasb;x
2555;48;93;33;rinayah;x
2556;127;192;84;agivvas;x
2557;42;207;83;deeng;x
2558;127;18;84;babirig;x
2559;168;171;77;qinayah;x
2560;85;165;86;dusayya;x
2561;86;66;31;batonti;x
2562;2;60;75;ketu;x
2563;3;201;60;bereth;x
2564;87;165;96;konetar;x
2565;5;120;60;kanusair;x
2566;86;129;6;tarund;x
2567;171;33;87;woteth;x
2568;170;15;32;land;x
2569;1;69;70;qicius;x
2570;129;168;19;aboyamiy;x
2571;5;45;70;qethan;x
2572;5;57;85;livilda;x
2573;131;201;54;satata;x
2574;126;210;224;bainofie;x
2575;173;93;7;ehamaul;x
2576;169;0;52;quohata;x
2577;85;18;26;deroth;x
2578;84;33;96;samoses;x
2579;90;177;31;eferabah;x
2580;46;45;73;tiama;x
2581;174;138;47;tela;x
2582;173;153;72;nanda;x
2583;85;105;76;deudora;x
2584;2;57;65;salara;x
2585;44;84;8;kerall;x
2586;171;186;22;bavi;x
2587;169;87;2;dedoth;x
2588;87;114;81;ananoth;x
2589;1;105;5;kerund;x
2590;47;39;53;dora;x
2591;127;165;44;bagall;x
2592;5;129;55;ramemon;x
2593;5;105;80;emammed;x
2594;131;129;84;tomaina;x
2595;5;84;70;lameorge;x
2596;46;204;48;kulemar;x
2597;174;9;32;tanetar;x
2598;85;141;56;eladusha;x
2599;171;63;92;egarania;x
2600;47;111;23;waruraj;x
2601;171;87;67;damios;x
2602;129;75;94;terconso;x
2603;89;204;61;lonikan;x
2604;132;156;79;ruden;x
2605;127;198;14;sadelau;x
2606;5;54;65;estafiy;x
2607;127;153;29;ahibanta;x
2608;128;171;29;tura;x
2609;47;30;3;nimiy;x
2610;3;81;40;tenand;x
2611;89;63;86;sakeis;x
2612;169;39;52;dapa;x
2613;45;183;28;notania;x
2614;1;75;45;bazavi;x
2615;85;168;51;alitilda;x
2616;90;189;91;korius;x
2617;43;27;8;tanusall;x
2618;171;153;7;qeupiga;x
2619;44;63;53;efafund;x
2620;84;174;71;ebeatetu;x
2621;169;204;207;qetai;x
2622;130;63;89;rolila;x
2623;168;45;27;kanpal;x
2624;5;114;75;avakeka;x
2625;42;117;68;naneph;x
2626;169;147;12;wililda;x
2627;132;126;74;babavai;x
2628;128;51;9;kora;x
2629;6;93;75;susabah;x
2630;42;78;68;egarina;x
2631;84;141;1;abhulin;x
2632;6;21;5;kanows;x
2633;5;21;50;egirora;x
2634;45;180;63;abexis;x
2635;172;183;67;surgur;x
2636;1;6;95;tatows;x
2637;169;150;77;qinenda;x
2638;173;81;47;warund;x
2639;86;186;96;sorora;x
2640;46;144;83;turexis;x
2641;87;147;6;worumo;x
2642;169;81;72;terug;x
2643;130;183;54;liculin;x
2644;45;138;98;emahiar;x
2645;1;39;10;riyahu;x
2646;173;204;32;rafina;x
2647;127;42;59;qageth;x
2648;2;126;15;kekios;x
2649;87;60;1;rulila;x
2650;128;144;44;sudumo;x
2651;126;183;79;waepida;x
2652;1;138;20;tagicta;x
2653;126;132;64;qerigin;x
2654;87;144;41;amecusha;x
2655;130;126;9;rarna;x
2656;43;186;28;nacadir;x
2657;88;195;56;narert;x
2658;169;201;92;emurolun;x
2659;168;108;2;liyar;x
2660;4;93;65;rekora;x
2661;2;36;0;dabi;x
2662;44;51;38;kakella;x
2663;169;204;2;asariise;x
2664;46;84;28;azuelle;x
2665;87;63;21;wasyag;x
2666;4;117;85;bipalaf;x
2667;129;66;99;soxaise;x
2668;85;165;31;teciise;x
2669;132;84;9;romars;x
2670;2;18;10;ahamuna;x
2671;0;15;80;timiy;x
2672;86;102;11;tiza;x
2673;3;66;15;ralleos;x
2674;171;12;77;raubakat;x
2675;172;138;82;kilusha;x
2676;131;108;29;kamolun;x
2677;2;24;40;eperenda;x
2678;169;99;62;eboravi;x
2679;174;183;32;radelund;x
2680;1;72;80;bademar;x
2681;172;129;87;ragund;x
2682;6;90;10;aladura;x
2683;171;162;2;rulis;x
2684;172;162;57;toxemey;x
2685;47;132;33;rata;x
2686;5;69;45;lahella;x
2687;46;0;43;tudamur;x
2688;88;36;36;larsa;x
2689;130;27;54;dagilla;x
2690;86;48;86;kuxisha;x
2691;174;12;97;keilice;x
2692;170;180;37;eruiriza;x
2693;126;99;94;kegilan;x
2694;44;51;93;beirako;x
2695;170;66;47;saniyar;x
2696;132;33;94;abhaka;x
2697;44;69;83;azacanda;x
2698;129;60;14;kanusund;x
2699;90;87;16;rulin;x
2700;171;90;32;wanulis;x
2701;168;123;82;ropluk;x
2702;132;0;24;rarira;x
2703;88;207;71;lagihor;x
2704;172;33;42;deseth;x
2705;168;30;47;sigiyar;x
2706;131;81;34;awinina;x
2707;43;183;18;lesau;x
2708;171;6;47;ebenanda;x
2709;0;69;60;dara;x
2710;2;207;90;emahes;x
2711;48;138;18;boxonda;x
2712;43;42;88;wucamed;x
2713;44;132;58;larudor;x
2714;47;108;58;kirivia;x
2715;84;135;71;rudasin;x
2716;43;144;63;sida;x
2717;84;192;221;danpal;x
2718;85;36;16;tezigun;x
2719;44;48;73;apuxisha;x
2720;129;186;64;kolusha;x
2721;173;51;42;lurafiy;x
2722;126;129;99;tesisa;x
2723;45;60;98;eshida;x
2724;6;84;80;ratimiy;x
2725;90;21;21;qaisora;x
2726;130;30;19;tang;x
2727;4;177;95;daula;x
2728;89;9;6;tozanab;x
2729;168;186;57;lonania;x
2730;0;204;60;ledeth;x
2731;44;45;63;kirapa;x
2732;174;84;67;esanan;x
2733;168;27;82;recenr;x
2734;131;0;69;rine;x
2735;86;39;91;tirella;x
2736;6;108;55;kerigin;x
2737;169;123;37;ehateova;x
2738;131;51;84;ebeatan;x
2739;174;30;42;kanyan;x
2740;1;129;80;dulemar;x
2741;168;114;32;nerina;x
2742;3;207;45;weudora;x
2743;44;60;88;rareth;x
2744;1;153;0;tyaman;x
2745;170;51;22;nustin;x
2746;129;66;44;qecigun;x
2747;130;87;64;redavi;x
2748;127;30;99;rezatani;x
2749;128;132;29;ahenoru;x
2750;46;24;63;eshilo;x
2751;130;210;94;sirin;x
2752;43;210;58;egiga;x
2753;85;27;21;kibanga;x
2754;169;90;67;nosela;x
2755;128;147;9;ragonda;x
2756;45;201;73;qavold;x
2757;44;42;43;lelagpa;x
2758;130;60;24;esoduu;x
2759;131;144;9;ehibumar;x
2760;45;129;3;sella;x
2761;86;9;31;remir;x
2762;3;39;75;davoru;x
2763;1;177;75;qouses;x
2764;128;165;99;qinoi;x
2765;46;30;48;loreph;x
2766;173;192;17;senund;x
2767;46;18;33;qahella;x
2768;89;186;71;dipullah;x
2769;87;108;51;kailla;x
2770;126;60;94;notonda;x
2771;43;81;88;sigina;x
2772;3;132;55;byyan;x
2773;171;153;52;bacisey;x
2774;45;129;48;diraj;x
2775;87;102;21;ehibura;x
2776;90;108;71;qemyid;x
2777;130;63;34;teilora;x
2778;90;162;51;qila;x
2779;173;99;37;dyain;x
2780;43;84;53;wanarde;x
2781;5;36;75;etyud;x
2782;174;141;12;acotund;x
2783;43;30;73;aremar;x
2784;4;123;15;aperanda;x
2785;127;177;4;bobanta;x
2786;170;12;67;tedanu;x
2787;173;180;57;aseseth;x
2788;129;111;29;kotusha;x
2789;174;75;72;wotania;x
2790;87;138;56;rammed;x
2791;47;75;33;sanavya;x
2792;128;156;4;sanavan;x
2793;2;189;45;diata;x
2794;173;153;17;sedihor;x
2795;131;180;99;sanda;x
2796;2;168;35;reraide;x
2797;43;138;33;toray;x
2798;130;93;94;qisain;x
2799;46;204;93;woyalle;x
2800;171;48;12;karn;x
2801;43;183;63;kiramed;x
2802;90;183;61;tamur;x
2803;1;24;85;laxeriu;x
2804;172;168;42;burora;x
2805;2;117;75;luxisha;x
2806;129;195;59;nirin;x
2807;84;57;71;ripirin;x
2808;87;111;16;recemar;x
2809;128;84;34;nerarde;x
2810;171;123;47;taganga;x
2811;126;63;59;tadaide;x
2812;46;192;33;eperira;x
2813;84;102;1;terira;x
2814;45;27;73;kira;x
2815;128;48;99;railyan;x
2816;89;123;96;emadavan;x
2817;0;48;50;kyaide;x
2818;5;171;20;risakam;x
2819;89;174;56;esyan;x
2820;42;3;78;qyi;x
2821;87;189;71;aligarn;x
2822;129;162;89;wirira;x
2823;174;33;7;enusiga;x
2824;173;93;62;tanarde;x
2825;129;18;49;tiridhin;x
2826;0;174;55;tavakat;x
2827;85;135;26;nilusha;x
2828;126;156;39;darold;x
2829;6;102;70;baymeova;x
2830;1;105;50;adobora;x
2831;2;150;45;evakaj;x
2832;45;168;3;seitund;x
2833;127;54;19;rulira;x
2834;130;90;74;sajaide;x
2835;174;177;47;qort;x
2836;85;108;86;tutind;x
2837;171;147;77;akedihor;x
2838;48;186;13;duiriza;x
2839;88;159;21;rakeis;x
2840;1;159;85;sasold;x
2841;45;33;3;tusort;x
2842;131;207;39;rirta;x
2843;173;90;97;nimort;x
2844;129;15;84;qutind;x
2845;1;60;20;kutenda;x
2846;0;108;60;tusira;x
2847;47;162;38;dyewund;x
2848;126;159;4;tedanga;x
2849;2;3;85;lakusha;x
2850;43;174;68;aweth;x
2851;1;90;25;larusha;x
2852;88;192;91;radura;x
2853;1;150;35;tibund;x
2854;43;159;43;rusort;x
2855;87;96;91;tedura;x
2856;88;210;36;kadeth;x
2857;5;177;50;ajoanort;x
2858;43;30;28;kalind;x
2859;44;84;63;dakatu;x
2860;172;141;2;boteth;x
2861;127;57;134;ezacihor;x
2862;131;123;54;ahibihor;x
2863;131;30;74;dedonda;x
2864;174;120;2;kagonda;x
2865;131;9;64;watoche;x
2866;89;54;36;qiliza;x
2867;132;99;34;kedampa;x
2868;172;78;72;ragarma;x
2869;44;81;98;sanusall;x
2870;128;150;74;wadihor;x
2871;86;201;76;kacura;x
2872;43;87;18;qamarine;x
2873;86;21;46;kine;x
2874;44;129;93;lyewihor;x
2875;46;60;53;wagarma;x
2876;90;12;26;kasanu;x
2877;131;102;44;qegeova;x
2878;131;114;59;noraspar;x
2879;3;183;70;kampa;x
2880;43;168;38;ezacura;x
2881;127;48;89;bilurab;x
2882;87;30;51;laranga;x
2883;87;24;21;asomatu;x
2884;5;96;85;satonda;x
2885;46;93;23;nidoun;x
2886;174;153;27;bibura;x
2887;47;138;63;ragania;x
2888;129;138;14;redania;x
2889;88;108;61;ranusall;x
2890;127;168;9;daifine;x
2891;85;147;41;talyeju;x
2892;85;201;21;qerazu;x
2893;2;21;75;toryeju;x
2894;173;96;27;qerandak;x
2895;128;69;54;nusisse;x
2896;129;201;44;wediga;x
2897;169;27;92;kedonda;x
2898;3;84;60;radall;x
2899;86;141;66;esomatu;x
2900;86;72;6;radeth;x
2901;174;42;2;solort;x
2902;1;162;95;keryen;x
2903;132;3;89;ekoniala;x
2904;88;150;26;seryeju;x
2905;0;180;85;wobund;x
2906;42;138;78;dalisse;x
2907;2;174;65;wenura;x
2908;88;123;86;biala;x
2909;129;171;39;worort;x
2910;174;129;52;ladall;x
2911;131;27;9;sotihor;x
2912;173;126;77;lakiga;x
2913;126;51;99;adanilip;x
2914;6;72;65;luyumpa;x
2915;42;204;223;adobaut;x
2916;86;66;76;ledusha;x
2917;4;126;80;rawa;x
2918;4;153;75;dotilda;x
2919;128;72;19;sedaut;x
2920;173;186;42;nuyumpa;x
2921;169;3;17;tanampa;x
2922;3;138;190;nadomeus;x
2923;87;144;191;atalecco;x
2924;171;150;192;sanir;x
2925;45;156;193;qinluo;x
2926;129;162;194;wonrad;x
2927;3;168;195;qiveph;x
2928;87;174;196;ralife;x
2929;171;180;197;taliam;x
2930;45;186;198;emoroun;x
2931;129;192;199;rara;x
2932;3;198;200;sozeth;x
2933;87;204;201;wigavi;x
2934;171;210;202;ejiniaco;x
2935;45;3;203;dantia;x
2936;129;9;204;revarsa;x
2937;3;15;205;dakitya;x
2938;87;21;206;ajhabi;x
2939;171;27;207;rayara;x
2940;45;33;208;wallelw;x
2941;129;39;209;qezemar;x
2942;3;45;210;dataula;x
2943;87;51;211;kubella;x
2944;171;57;212;beatabi;x
2945;45;63;213;tipidhin;x
2946;129;69;214;dataric;x
2947;3;75;215;dogine;x
2948;87;81;216;leline;x
2949;171;87;217;dolun;x
2950;45;93;218;kogettil;x
2951;129;99;219;nuedoan;x
2952;3;105;220;edobaj;x
2953;87;111;221;tulesh;x
2954;171;117;222;lolofan;x
2955;45;123;223;kediray;x
2956;129;129;224;ledahou;x
2957;3;135;225;ribahra;x
2958;87;141;226;qosorgil;x
2959;171;147;227;sedirun;x
2960;45;153;128;dasig;x
2961;129;159;129;kanjay;x
2962;3;165;130;lulard;x
2963;87;171;131;epeseto;x
2964;171;177;132;ralig;x
2965;45;183;133;eronkan;x
2966;129;189;134;tidheka;x
2967;3;195;135;beineric;x
2968;87;201;136;nyosiala;x
2969;171;207;137;ranasard;x
2970;45;0;138;tareth;x
2971;129;6;139;kaniga;x
2972;3;12;140;wonevi;x
2973;87;18;141;echicro;x
2974;171;24;142;werata;x
2975;45;30;143;efafair;x
2976;129;36;144;serund;x
2977;3;42;145;kinania;x
2978;87;48;146;kave;x
2979;171;54;147;roteth;x
2980;45;60;148;qarau;x
2981;129;66;149;awall;x
2982;3;72;150;kanuseth;x
2983;87;78;151;lorisse;x
2984;171;84;152;kyen;x
2985;45;90;153;lananatu;x
2986;129;126;159;selaach;x
2987;171;144;162;dalupta;x
2988;3;162;165;wotatas;x
2989;87;15;176;kikahin;x
2990;129;3;174;reudirin;x
2991;3;9;175;sahuihin;x
2992;171;21;177;ronupta;x
2993;45;210;173;razika;x
2994;3;6;210;disula;x
2995;171;81;187;kefurd;x
2996;3;129;195;rya;x
2997;45;57;183;asadore;x
2998;87;135;196;arajeyr;x
2999;3;39;180;kajeyr;x
3000;3;189;205;atekagni;x
3001;129;33;179;ajhenna;x
3002;45;147;198;disela;x
3003;87;75;186;betula;x
3004;129;123;194;tisurla;x
3005;3;69;185;atataw;x
3006;45;117;193;ricore;x
3007;87;165;201;nagni;x
3008;45;207;208;tefeph;x
3009;45;87;188;tisenna;x
3010;171;171;202;kula;x
3011;3;99;190;kijeph;x
3012;45;177;203;amicya;x
3013;171;51;182;quyadas;x
3014;87;12;211;sailela;x
3015;129;63;184;wajenna;x
3016;129;93;189;qajya;x
3017;171;141;197;reph;x
3018;171;111;192;lajeyr;x
3019;87;195;206;sefurd;x
3020;87;105;191;sudeph;x
3021;129;153;199;damula;x
3022;171;201;207;wicula;x
3023;45;27;178;letula;x
3024;45;24;213;ejijya;x
3025;129;30;214;esadula;x
3026;0;183;200;;x
3027;168;33;12;;x
3028;42;39;13;;x
3029;126;45;14;;x
3030;0;51;15;;x
3031;84;57;16;;x
3032;42;117;218;;x
3033;126;147;194;;x
3034;126;6;164;;x
3035;168;63;17;;x
3036;42;141;193;;x
3037;126;150;159;;x
3038;168;174;192;;x
3039;84;78;176;;x
3040;42;69;18;;x
3041;168;198;167;;x
3042;84;159;196;;x
3043;168;168;162;;x
3044;168;201;132;;x
3045;0;99;215;;x
3046;42;27;203;;x
3047;84;18;166;;x
3048;126;75;19;;x
3049;84;132;156;;x
3050;168;162;132;;x
3051;126;93;214;;x
3052;126;69;139;;x
3053;42;201;203;;x
3054;42;54;143;;x
3055;168;147;152;;x
3056;126;33;204;;x
3057;84;3;141;;x
3058;84;33;146;;x
3059;0;15;130;;x
3060;168;132;227;;x
3061;84;39;176;;x
3062;126;0;134;;x
3063;0;126;155;;x
3064;126;210;169;;x
3065;42;3;128;;x
3066;0;81;20;;x
3067;168;105;187;;x
3068;168;9;142;;x
3069;168;75;182;;x
3070;126;3;199;;x
3071;126;60;144;;x
3072;0;12;165;;x
3073;42;168;133;;x
3074;42;171;198;;x
3075;84;87;21;;x
3076;0;129;220;;x
3077;168;57;137;;x
3078;168;27;132;;x
3079;168;15;172;;x
3080;0;210;140;;x
3081;126;84;219;;x
3082;0;42;170;;x
3083;42;198;138;;x
3084;126;129;149;;x
3085;168;21;202;;x
3086;42;18;208;;x
3087;84;45;206;;x
3088;42;129;28;;x
3089;84;195;131;;x
3090;42;114;153;;x
3091;0;150;130;;x
3092;84;117;26;;x
3093;42;51;178;;x
3094;42;60;173;;x
3095;126;183;129;;x
3096;0;39;205;;x
3097;0;111;25;;x
3098;0;120;225;;x
3099;84;36;211;;x
3100;126;159;154;;x
3101;42;111;188;;x
3102;0;195;160;;x
3103;84;6;206;;x
3104;84;198;196;;x
3105;168;18;137;;x
3106;42;159;33;;x
3107;168;72;217;;x
3108;126;144;129;;x
3109;0;27;145;;x
3110;126;123;219;;x
3111;42;84;148;;x
3112;126;66;174;;x
3113;43;81;138;;x
3114;42;78;218;;x
3115;126;153;224;;x
3116;168;114;182;;x
3117;84;108;181;;x
3118;126;27;174;;x
3119;126;39;134;;x
3120;168;93;22;;x
3121;168;24;167;;x
3122;42;174;163;;x
3123;168;48;142;;x
3124;42;48;213;;x
3125;42;180;193;;x
3126;168;135;192;;x
3127;42;207;133;;x
3128;42;0;163;;x
3129;168;123;27;;x
3130;42;87;213;;x
3131;0;189;130;;x
3132;0;90;220;;x
3133;126;105;24;;x
3134;126;51;149;;x
3135;126;174;134;;x
3136;0;96;150;;x
3137;126;126;184;;x
3138;126;9;129;;x
3139;126;135;29;;x
3140;42;120;183;;x
3141;168;111;217;;x
3142;84;66;216;;x
3143;84;75;211;;x
3144;126;177;199;;x
3145;84;63;151;;x
3146;0;102;180;;x
3147;168;12;207;;x
3148;84;72;146;;x
3149;0;201;40;;x
3150;126;195;39;;x
3151;126;186;194;;x
3152;42;63;138;;x
3153;42;183;158;;x
3154;84;207;41;;x
3155;168;81;212;;x
3156;42;204;168;;x
3157;0;165;155;;x
3158;168;0;42;;x
3159;0;162;190;;x
3160;42;210;198;;x
3161;126;189;159;;x
3162;84;177;36;;x
3163;126;138;49;;x
3164;0;18;45;;x
3165;42;123;148;;x
3166;168;39;147;;x
3167;42;15;143;;x
3168;0;153;195;;x
3169;0;63;180;;x
3170;168;183;37;;x
3171;84;192;166;;x
3172;126;120;154;;x
3173;84;138;186;;x
3174;126;54;214;;x
3175;0;180;135;;x
3176;126;87;184;;x
3177;126;204;139;;x
3178;0;135;150;;x
3179;0;66;145;;x
3180;42;45;148;;x
3181;168;165;197;;x
3182;0;33;175;;x
3183;0;45;135;;x
3184;84;135;221;;x
3185;168;144;187;;x
3186;42;24;138;;x
3187;0;192;195;;x
3188;42;21;173;;x
3189;84;111;146;;x
3190;168;102;222;;x
3191;0;186;165;;x
3192;84;201;161;;x
3193;42;87;63;;x
3194;168;87;142;;x
3195;0;3;170;;x
3196;168;108;152;;x
3197;168;204;197;;x
3198;84;102;151;;x
3199;0;159;225;;x
3200;84;105;216;;x
3201;84;42;141;;x
3202;0;72;175;;x
3203;0;6;135;;x
3204;84;147;31;;x
3205;126;165;34;;x
3206;0;123;190;;x
3207;168;153;32;;x
3208;126;207;204;;x
3209;84;162;161;;x
3210;84;186;136;;x
3211;126;84;14;;x
3212;168;84;177;;x
3213;42;30;168;;x
3214;42;99;23;;x
3215;126;36;169;;x
3216;126;114;224;;x
3217;84;96;221;;x
3218;0;57;150;;x
3219;84;126;226;;x
3220;168;42;212;;x
3221;84;12;136;;x
3222;84;141;151;;x
3223;0;36;140;;x
3224;84;51;136;;x
3225;0;156;160;;x
3226;84;99;186;;x
3227;0;171;35;;x
3228;42;150;188;;x
3229;126;96;179;;x
3230;0;0;205;;x
3231;84;69;181;;x
3232;168;195;202;;x
3233;0;132;185;;x
3234;42;33;133;;x
3235;168;78;147;;x
3236;168;51;207;;x
3237;126;180;164;;x
3238;126;24;209;;x
3239;126;99;144;;x
3240;84;156;131;;x
3241;42;57;208;;x
3242;42;90;178;;x
3243;0;60;215;;x
3244;126;57;179;;x
3245;126;30;139;;x
3246;42;81;183;;x
3247;42;153;153;;x
3248;126;63;209;;x
3249;0;75;140;;x
3250;0;9;200;;x
3251;0;105;145;;x
3252;0;141;30;;x
3253;42;144;158;;x
3254;42;147;223;;x
3255;84;24;46;;x
3256;42;6;43;;x
3257;126;12;44;;x
3258;168;207;162;;x
3259;42;138;128;;x
3260;42;177;128;;x
3261;42;189;38;;x
3262;84;129;191;;x
3263;84;168;191;;x
3264;87;108;156;;x
3265;171;114;157;;x
3266;45;120;158;;x
3267;87;138;161;;x
3268;45;150;163;;x
3269;129;156;164;;x
3270;87;168;166;;x
3271;171;174;167;;x
3272;45;180;168;;x
3273;129;186;169;;x
3274;3;192;170;;x
3275;171;204;172;;x
